name,addr:postcode,addr:street
Chino Chang
Restaurante Cueva de Nerja
Bar Clemente
Duquesa de Parcent
El Mirlo Blanco
Bamboo,29780,Plaza de los Cangrejos
Mirasol
Jamaica
Restaurante El Paraíso
Cochran's Terraza
La Biznaga
La Farola,29793,Avenida de España
Virtudes
El Higuerón
Curry House
Bar Arroyo Hondo
Pepes Beach
La Antigua
La  Restinga Beach
El Puente
Moreno y Sol
Las Palmeras
El Pino
Kanema
Chiringuito Victoria
Chiringuito Varela
Gazpacho II
El Conejo
El Cruce
La Raqueta
Alegre
La Puntilla
"Chiringuito Alonso ""El Pionero"""
Mirador de Güilche
Chiringuito Laguna
Taberna El Tapeito,29793,Paseo Maritimo
Chiringuito Torrecilla 3
Vitaliano
Da Vinci
Tai,29780,Avenida Castilla Pérez
conect@.t
Ruskins
Cobos
Las Viñas
Kalifato,,Playa de Carvajal
JJ's
Tropicana
Cafeteria La Palma,29680,Calle Terraza
Menceys,29680,Avenida de San Lorenzo
La Sureña,29680,Plaza de las Flores
Café Central,29016
La Rambla
Cafe Paris
Camping Presa del Viñuela
Taberna Mansiega
Zoya
Chiringuito Central
Cielito Lindo,,Calle El Barrio
Paradores
Don Miguel
Jerez
El Palangre
Bar Stop
La Vela Azul
Cafeteria Bayleys
Restaurante Puerto Blanco
Restaurante Eclipse
Funky Forest
Bar Virutas
Bar La Prisa
Bar Los Poetas
Restaurante Manolo
Bar Las Tablas
La Bodega
Arrocería Varadero
La Viuda,29750,Carretera de Almería
La Competencia
Frascati,29004,Calle Rogelio Oliva
Tapintxo
The Wok
La Sorpresa,29793,Paseo Marítimo
Bella Vista Restaurant,29793,Paseo Marítimo de Ferrara
Restaurante El Picadero,29793,Paseo Marítimo Ferrara
La Blanca Paloma,29793,Paseo Marítimo Ferrara
Restaurante Holiday Lounge
Restaurante Pepe Rico
Uppa Crust
Bar One
La Pescia
El Apartamento,29008,Calle Carretería
Beluga,29005
H20
El Nino
Dal Toscana moved to Pintada
Atalaya Golf & Country Club
Sinatra's
El Mirador,29788,Calle Santo Cristo
La Bodeguilla
Pizzeria Roima
Carlos Molineta
Axarquía
MarBella
San Miguel
Miel y Nata Mountain,29649,Calle José de Orbaneja
Don Juan
Perico,,Plaza Almijara
Venta de Palma
Cortijo Paco
Cantueso
Amstrongs Restaurant
Los Alamos
Venta Bar Vargas
Rincon de la Villa
Bodeguita Chaparro
Meson Los Claveles
Meson La Pozuela
Restaurante Puente Aguila
Asador El Muelle
Las piedras
Papillon (abandoned),29649,Calle José de Orbaneja
El Molino
Miel y Nata Los Cipreses
La Casita,29360,Calle Cardenal Herrera Oria
Bodega El Rincón,29360,Plaza de la Constitución
Meson Los Alcornocales
Villa Paradiso
Akira Fuji
The Boathouse
Los Olivos
Alberts Bar & Grill
La Dispensa
Da Vinci's
Dempsey's
Bread's
Willson's Cafe Bar
Little India
Little Mexico
Rumores
Little Italy
Fish & Co
Fong Sheng
Slow Boat
Bogart's
El Fogón de Flore
Bodega El Cordero
Terraza Bar
El Fogon de Flore
Venta El Kiko
Bar Casa Corado
La Taberna,,Calle Almirante Ferrándiz
El Pulguilla,,Calle Almirante Ferrándiz
Paco Mari
Sevillano La Tasquita
Pepe Rico
Meson La Casa Nueva
Laura
El Baron
Vista Verde
La Terraza
Venta Cozar
Cafeteria Nachs
La Marina Marisqueria,29780,Calle Castilla Pérez
La Playa
Starbucks
Cacola
Costa
Génesis
First
Jose Cruz
El Taller
Jing
tropical
Chiringuito Mambo
Almanzor
Marissal by Dorobe
Caffe Pascucci Shop Málaga
Venta Solera,29491,Carretera Ronda-Gaucin
Bar Guayacan
Kabilas
Ristorante La Paladoro Pizzeria
Torreón del Mar
Restaurante Rincón del Mar
Restaurante Los Remos Lazaro
Carmen
Mendora
Sabatini's
ElCaprichol
Ruby's
El Mero
Zirkos
El Capricho de Torrequebrada
Coco's
Merendero el Malagueño
Dai Grifoni
Meeting Point Café,,Avenida de las Palmeras
Harry's Restro,29630,Avenida de las Palmeras
Restaurant Orient Palace II,,Avenida de las Palmeras
Antons bar
Mesón Los Monteros
El Anafe
Sal y Pimienta
Cafe Toto,29700,Plaza Carmelitas
Made in Italy
Bar Restaurante El Molino
Elviria's Deli,29604,"N-340, KM 192"
Meson Los Rosales
Bar El Santo
Cafetería Bokagua
Mesón Alameda
Hostal Rural Venta La Vega,29400,Carretera Ronda-Jerez
Estilo Campo,29640,moncayo N 7
La Plata. Casa Matilde,29790,N-340A
Esperanza
Ventas el Conde
Puero Nizza,,N-340A
Mr. You Coffee
The Escape
El Vegetariano de Alcazabilla,29015,Calle Pozo del Rey
Peña La Cresta
Restaurante El Golf
Mirador de la Peana
El Oasis
El Yantar
Bar La Pena
Zero 81,29620,Calle Caputulaciones
Anahi
Los Caballos
Restaurante Bracamonte
Restaurante Los Bravos,29004,Calle Argonautas
Bar Restaurante Lola,29220,Calle Real
Cafeteria-Bar Halomon,29680,Puerto Deportivo de Estepona
Villa Tiberio
El Caserio
Paco Heidi
Bar Allioli
Café Bar Europa,,Avenida Federico García Lorca
Tick Tack Arrocería,29004,Calle Rogelio Oliva
Taberna Marinera El Ancla,29680,Avenida Andalucía
Taberna La Puerta de Atrás
La Purisima,29017,Calle Juan Valera
Jolly Rogers
Tikitano
Mamma Lina
El Bigote
Mulse,29730,Calle del Túnel
La Carreta,29730,Avenida de la Torre
El Balcón Cordobés,29680,Calle Alcalá Galiano
Mira Sol,29730,Poeta Manuel Alcantara
Rincon de Miguel,29730,Avenida de la Torre
Casa Paca
Sunset Beach
Los cano loft
Los Sardinales
Tibu
The Pasta Lounge
Ole Ole
El Merendón
Amore e Fantasía
Seven
Meson Andaluz Vicente
Cafeteria Capricho,,Avenida de Andalucía
Calima
Swaghat
"""The Family"" restaurant and bar",29649,Calle José Orbaneja
Esquina de Miguel
Cafe Competa
Alicat Bar
Despacho de Fernan
Casa Paco
Bar Ortega
Kohala Poké,29602,Avenida Antonio Belón
El Rincón de Andrés
Bar La Cafetería
Bar Marin
Malibu Beach Bar
Bar La Plaza,29180,C. Real
Venta El Charco
Mesón de Bravo
Casa Ortega
El Campillo
La Teraza Restaurant
Cafe Mercado
Cruz Blanca
Ta-Kumi
Besya Beach
Hard Rock Cafe Marbella
Peperone
Pup DCCO
Cafetería Plaza
Garum,29602,Avenida de la Fontanilla
Da Bruno Pasta
Cafeteria Tulipan
Food House
Franks's
Pastas Frescas Pomposiello,29601,Calle de Jacinto Benavente
Viña del Mar
El Paso
Bar Restaurante La Serrania
Bar Paco Pepe
Taberna El Zorro
El Mirador
Casa Antonia
La Canasta,29015,Calle Marqués de Larios
Brunchit,29015,Calle Alcazabilla
Pepa y Pepe
Taberna Matahambre
El Beato
Venta Galwey
Géminis
Safari Lounge
Pippo
Mesón Rodeño
Pica&Pizza,29640,Avenida Acapulco
Yano's
Bar Cocina Witi
The Forge
Venta Victoria
Bar Cafetería Ortigosa,29400,Calle San Vicente de Paúl
Voltasur
Restaurante Bar Cerezo,29755,Calle de la Estación
Las Gemelas
Venta La Venta
Venta La Codorniz
Restaurante Metro
Clandestino
La Plaza,29015,Calle Alcazabilla
Los Turroneros
Mesón Gibralfaro
Cafe & Bar Alhambra
Bar Juanete,29753,Avenida Fernandez Ramos
Jocavi
Medel
Cónico
Cafe Centro
la ferretería
Dehesa Santamaría
"La Parrala ""Ayo""",29780,Paseo de Burriana
la plaza
Venta los Morenos
Meson Casa de la Abuela
Restaurante El Reservado de Toni
Marina Playa
El Muro
Bruxelles
Santo
"Paco ""El Churretero"""
Raw
Tropy Sol
La Gastronomia
Cafe Plaza
Indian,,Avenida Polaris de Riviera
Mao
Tertulia
El Dorado
La Menorah
Casa del Club
Los Campanillas
Candelaria,29011,Calle Nuestra Señora de los Clarines
El Traguillo
Boca Boca,29793,Avenida América
El Café
Don Joaquín
La Taberna de Lucía 2,29680,Calle Real
La Taberna de Lucia 3,29680,Avenida Luis Braille
El Rincon Toscano,29680,Calle Real
La Tetería
Café glassé
Restaurante Cienfuegos
Los Conejitos
Barraca Beach
La Cuisine
El Cortijo
Kikos
Café
Santa Maria
Bikini Beach
Chiringuito El Cateto
Restaurante Amanecer Fuengirola
La Caracola,,Paseo Marítimo Rey de España
Twenty Seven
Kamana,,Paseo Marítimo Rey de España
Chiringuito Oasis
Restaurante Salvador El Lotero
Fuengimar Restauracion,29640,Paseo Marítimo Rey de España
Chiringuito Los Andaluces
Los Marinos Paco,29640,Paseo Marítimo Rey de España
China House
Mogador
Jaime
La Taberna de Pepe Moles
Malibu
Meson Jose y Victoria
Sekai
oliva
El Capricho
Bellavista Mare,29004,Paseo Marítimo Antonio Banderas
Marisquería La Mayor
Heladería Valentino,29640,Paseo Marítimo Rey de España
La Perla,29639,Calle Ibiza
Tipi Tapa,29640,Calle Málaga
Dos Leones 2
Sushi som
Bar Antonio
Porras,29650,Plaza de la Libertad
pizzeria Marta,,Calle Geranios
Gambrinus
El Tomillar
Chopp
El Limonar
MataHambre
Café Pizzería La Capricho,29140,Camino Nuevo
Richi Asador de Pollos,29793,Avenida García Peñalver
Cafeteria Javier,29793,Avenida García Peñalver
La Espuela
Mama Luchia,,Calle San Pablo
Mesón El Escribano,29200,Plaza del Escribano
Venta Los Pilotos
El Tropezón
Magnolia
Moka
Trastevere
Amador,29190,Calle Bandaneira
Terra sana
Altamirano,29601,Plaza Altamirano
The Farm,29601,Plaza Altamirano
Zozoï
El Mesón de Cervantes,29012,Calle Álamos
La Romantica
Tapeo de Cervantes,29012,Calle Cárcer
Taperia de Sybaris
el casino
Hotel Las Villas de Antikaria
Croissant,29005,Calle Atarazanas
La Aldea,29005,Calle Esparteros
Mesón Lo Güeno,29005,Calle Marín García
Starbucks
Hotel Mesón el Número Uno,,Calle Lucena
El madrugón
La Terraza,29649,Calle Mirador de Cala Golf
rocaBella
Tetería El Pequeño Buda,29010,Calle Antígona
La Taberna del Cura,29015,Calle Strachan
Gorki,29015,Calle Strachan
Robin Hood
Cafetería Teide
Restaurante Asiático Thai China,29130,Avenida Reyes Católicos
Restaurante Gracia y Paz
Las Tres María
La Tapería Gastrobar,29130,Avenida Reyes Católicos
La Baranda
Balbuena Mesón Asturiano
ETC
La Canasta
Heladería Inma
Mesón Ibérico Dehesa Las Hazuelas
Bodega La Muralla
Arte de Cozina,29200,Calle Calzada
Bar A La Fuerza,29200,Calle Alameda
La Plaza
La Esquinita
Bar Restaurante El Frenazo,,Calle Estebbuna
Restaurante Bravo
El Caseron de Guaro
Bar Pulgarin
Los Pirineos
La Parada
La Clave
Venta de Curro
Bodegas Agustín
Poppins
Restaurante La Perdiz
Rincón del Sol
Pinoccios
Cafeteria Heladeria Albi
Restaurante El Nautico
Sala Casarte Azul,29700,Avenida Camino Viejo de Málaga
Tiffany's,29015,Calle Alcazabilla
Katogui Agora,29015,Calle Alcazabilla
Cortijo de Pepe,29012
Lorenzo Trattoria
Esquina La Merced
Cafe Merced,29012
Restaurante Ispaña,29012
El Clan,29012
La Plaza,29012
Picasso Bar Tapas,29012
Cafe Con Libros,29012
Re-pitta,29012
Cañadú,29012
El Carmen,29012
Noviembre,,Calle Álamos
El Pescaito
La Brocheteria
El Palco
Bar Cervantes
Vino Mio
Udon,29008,Calle Méndez Núñez
Palacio Nazari
Tejeringo's
Neptuno
La Tasca
La Piconera
Metro-Copas
Soho
Pepa Y Pepe
La Casa del Perro
La Cueva de 1900,29005,Calle de Alarcón Luján
La Cueva de 1900,29005,Calle Martínez
Los Mellizos Málaga,29015,Calle Sancha de Lara
Cafe Moka
La Dehesa
El Rescoldo
La Barra
Dgustar
La Reserva,,Calle Bolsa
La Cocotte
Pastrani
Mesón La Cepa
Lo Gueno
L'experience
La Malagueña
Bella Roma
Mediterráneo
Carlos
Kronox
Asian Ben
El Romero
Casa Aranda,29005,Calle de la Alhóndiga
La Taberna del Pintxo,,Calle de Alarcón Luján
cafestore,29620
Tandoori
Gabi,29017,Calle Quitapenas
Restaurante Hija de Antoñín,29017,Calle Quitapenas
El Zagal,29017,Calle Quitapenas
Bar Merendero Los Marineros,29017,Calle Quitapenas
Bodegas Quitapenas
Cuatro Esquinas
Salón Florido
Migui
La Oficina
Locutorio
Rompeolas,29017,Paseo Marítimo El Pedregal
""" cafestore"""
Restaurante La Paella
Chilli,29688,Calle Isla Verde
Astorga
Back,29602,Calle de Pablo Casal
Mesón Casa Anita,29014,Calle Alcalde Joaquín Quiles
Mariano,29008,Calle Granados
Mesón El Caballo,29640,Calle Lamo de Espinosa
Mesón El Pollo del Tío Paco,29004,Calle Londres
Cortijo de Pepe,29017,Avenida Pío Baroja
Pomodoro,29004,Avenida Molière
Café Molière,29004,Calle Palma del Río
El Almirez,29002,Calle Río Rocío
Mesón Alvaluz,29007,Calle Stendhal
La Colmena,29002,Calle Cuarteles
La Rambla,29001,Calle Tomás Heredia
Mesón Gallego,29001,Calle Martínez Campos
El Huesca,29015,Calle Cañón
La Cepa
Rincón Catedral
Rincón de los Cazadores,29007,Calle Santa Elena
Mesón Antonio,29005,Calle Fernando de Lesseps
Los Robles de León,29009,Avenida Luis Buñuel
El Tomellar,29190,Calle Nísperos
Bahia cafebar
La Campana
El Mirador de Al-Andalus (closed)
Muelle de Arriate,29350,Estación de Arriate
Bodega WAYKIKI,29670,Calle Don Vito
PuntArena Bar Playa,29790
Restaurante El Río
Bar Diamante
Inga's café
Restaurante Meguiñez
Tapas Bar El Río
Cappuccino's
La Carihuela Chica
Churrería Amanecer
Alarcon,,Calle Lasta
Restaurante Los Arcos
Kaede Restaurante Japones
Restaurante La Alcazaba,29650,Plaza de la Constitution
Pizzeria Oscar
Taperia Bahia
La Tradicional,29670,Calle Palencia
Noodles
,,Parque del Sol
Casa Agustín,,Calle Huelva
Platero & Co,29480,Calle Los Bancos
Bar El Portesuelo
Mirador de la Sierra de las Nieves,,"Carretera Ronda-Málaga, km 42"
Tejada,,Plaza de la Constitución
Bamboleo
La Galera
Bar Salamanca
Molino Andaluz,29004,Calle Alejandro Casona
Bar Pajuelo
La Raiz
Pub El Otro Lado
Casa Rural Ahora,,Calle Lepanto
Pizzeria Arena,29770,Paseo Marítimo de Ferrara
El Fuego
La Casa - Restaurant
Cafébar Aries
Refugio del Baco
Bar La Cruz
El Atico
Casa Paco
Poseidón
Virgen de la Peña
Mare Nostrum Beach
Café Simone
"Al vino, vino!"
Chambaro
Lola's Tapas
Taberna Txakolí
Cazuelas Bar
La Piedra
Casa Gerardo,29340,Calle Nueva
Copete,29340,Calle Francisco Arjona
Bar,29340,Calle Cardenal Espínola
El Tarugo,29340,Calle Cardenal Espínola
Nicolas,29340,La berbena
Tetería,29340,Calle Porras
Taberna Ríos,29340,El plao
Las espeñas
Tejeringos
Guadalupe
Taberna Casa del Volapié
Rafilú
Trocadero,29631,Avenida del Sol
La Tranca,29012,Calle Carretería
Ciao
El Cortijo
Pedro Romero,29400,Calle Virgen de la Paz
Brödernas
El Caleño,29017,Paseo Marítimo El Pedregal
Pizzería Mammalina
El Gaucho de Banús
Cónico
El Pan de Eric
Tetería Nirvana
Troyano
Cafeteria Amistad
Betis - Hnos Moreno
La Villa Mexican & Grill
Paradise
Mr. Gourmet Burger
Cafetería La Pausa
BOLERO
Frutos
Il Clandestino
The Katmandu
MARVELLOUS
El Rincon de Victoria
Los Pescadores
Venta Vázquez
La Cantina,,Plaza Almijara
Kontiki
Andele!! Andele!!,29780,Avenida Mediterráneo
Bar Gonzalez
Restaurant
Don Enrique
Cuatro Esquinas,,Calle Pintada
En Pa Ca,29002,Calle Mendívil
Pizzeria Mariloli,29002,Calle Héroe de Sostoa
Bar Mijas
Espiga,,Avenida Joan Miró
Churros & Noodles,,Calle Santa Gema
Bar Didi
New Carambola
Pil Pil
Pomodoro
La Canasta
Casa Luciano
El Oceano
El Calmar
Granier,29631,Calle Blas Infante
Casa Emilio
El Filósofo Mudo
La Alternativa
La Despensa del Aceite
Cafe Bar Plaza España
Bar Sin Nombre
Siam
La Mamma
Brujas
Victor **
El Pozo,29740,Paseo Marítimo Poniente
Alfrieg Steak House,,Calle Lope de Vega
Parilla Argentina Cosquín
Jacaranda
Café Churreria El Parque
Casa Colón,,Calle Troncón
Bubba.bar
La Oliva Taberna
La Esquina de Chinorros
Restaurante Vegetalia,,Calle Santa Isabel
La Terraza
Chirimoya
Bar Piilo
Bar Gamonal
Thelman baari
Taberna Matahambre
La Posada de Brasil
La Canasta
Ikaros Café
Restaurante El Faro
Cafetería-Bar Emmi
Bar Arjona
El Jazzy Bar
LULU’S,,Avenida de la Constitución
Bar de Tapas Lidia
Kardemumma café & restaurante
Jupiter Bar
La Niña del Guardia
Cafetería Antonio
El Forno de Piedra
La Huerta
Porto di Mare Pizzeria
Casa Arjona
Asador El Pollo de Oro
Lola's Bar
Restaurante Pescadería Los Mellizos,29631,Calle Pacharan
Bar Restaurante Pepe
Restaurante Tapería Los Delantes
Jaque Mate vinos y tapas
Restaurante Hidema
Cafetería Francisco
Bar Pizzeria Mediterráneo
Artesanos del Jamón
Bar Carilles
Los Amigos del Pueblo
Euro Cafe (Cafe Bar),29620,C/ Decano Higueras del Castillo
Restaurante Begoña
Diamonds Bar,,Avenida de la Constitución
El Diablito
Bar Cafetería Las Gemelas
The 19th Hole
El Tapeo
Bar Casa Mata
Cafetería Cervecería Casa Miguel
Vinos y tapas Azafrán
Triana Churrería Tapería
Cervecería Arroyo
Pappys
Saint Tropez Los Mellizos
The Bus Stop
Casa Atenea,29002,Calle Princesa
Cervecería 100 Montaditos
Porky Pies
Domino's Pizza
Restaurante Raffles
Rincón Asturiano
Café Tertulia
Cafetería Parque Infantil Nemo
Tapas y Copas
Café Bar Carmen
Taberna Tiia Yoli
Café Bar La Calvareña
La Pimienta Freiduría,,Avenida de la Constitución
La Caña d'España
A La Turca,,Avenida de la Constitución
Mesón Los Pantintas
Chopp,29631,Calle Sol
Cafes Carambuco
Casa Bouda - Tapería pinchetería
Da Riccardo
Restaurante El Mirador
Kevals bar
Restaurante Chino Internacional II
Restaurante Plankstek Los Pacos,29640,Avenida de Finlandia
Restaurante Happy Days Smørrebrød
Flash Coffee
Embrujo
Bar Cocina Jazmin
Picolo
Bar Tito Juan
La Bodeguita de Blas Infante
Bar Las Flores
Lizarran
Village Café
Casa Italia
La Pesquera de San Pedro
Pizzeria Picasso
Grana2 Cafe
Cafe Gio's
Park Lane Sport
Sequoia
Patrick's 19th
La Habana de Hemingway
Top Thai,,Avenida de Manolete
Joy's Live
Red Pepper
Babilonia Banus
Khans
Carpaccio
Paparotti
Da Paolo
Port Side
León de Oro
Don Leone
Marrush
Sinatra Bar
News Cafe
The Old Grill
Jack's American Braserie
Cerveceria La Fria
Azul Marino
Aretusa
Los Bandidos
Starz
Cafe de Ogaret
Black & White
Belvedere
El Gran Gatsby
El Torero
Mumtaz
Baalbak
La Marina
Deli del Mar
La Pappardella
La Creperie
La Bocana
El Rancho del Puerto
Sushi Banús
Piucaro
Taberna del Norte
Natural Juice Bar
Shicha Lounge
Gold,29660,Complejo Benabolá
Bistro D'or Dion
Al Capone
Linekers Bar
The Lounge
Route 66 Marbella
The Sushi Bar
The Noodles Bar
Samna
Le Petit Bistro
La Bodeguita
Tequila
Siempre Igual,,Calle Jerez
La Esquinita del Chupa y Tira,29012,Calle Victoria
La Laja
El Navasillo
El Adarve
Teteria Zaidin
Bar La Piconera,,Calle Comandante Salvador Carrasco
La Molienda,,Calle Comandante Salvador Carrasco
Circulo de Artista
La Posada
Michelangelo
Vesubio
El Cante
Velasco
Camelot Gastrobar,29400,Calle Comandante Salvador Carrasco
Bodega San Francisco,,Calle Comandante Salvador Carrasco
Los Reguera
La Tahona,,Calle el Zacatin
El Piano
Lekune
Bar Cafetería El Castaño
Andalucía
Carolina,29002,Calle Ayala
Nacho Bell
playa flamenco
La Caverna
Café con Arte
Hong Kong
Jaipur Palace
Venta el tropezón
Es Pan´s
Restaurante Los Marines e Hijos
El Coto
Hogar del jubilado
El Figon
The Restaurant at Burriana
The Steak House at Burriana
Rincon del Sabor
Bar Los Cunaos
Los Bilbainos,,Calle Alejandro Bueno
Shambles Karaoke Bar
La Posada Iberica
Colloseo
Los Huertas del Seviliano
,29016,Paseo de la Farola
Trocadero Casa de Botes,29016,Paseo de la Farola
Mercado Provenzal
La Cosmo,29015,Calle Císter
Café Madrid,29008,Calle Calderería
Be Happy
Café Bar Flor,29016,Paseo de Reding
Granier
Casa Lola
Cafeteria
Pasta Fresca,,Avenida Antonio Machado
Bar Paco,29692,Plaza Gineba
Rosa de los Vientos*
Cafe del Mar
Berebere
Las Ninas
Maenoba
El Hornillero
Churrería La Cordobesa,29680,Avenida de Libertad
Lume
Keluco's
Merendero El Cabra Ovidio playa,29017,Paseo Marítimo El Pedregal
El Rubio
Restaurante Escollera,29680,Puerto Pesquero
Chino Playa,29620,Avenida Isabel Manoja
Bar Ámsterdam
Vanilla Café
Los Pampas,29620,Calle Danza Invisible
Le Pizze
VIP,29620,Calle San Miguel
La Escalera,29620,Calle de la Cuesta del Tajo
El Velero,29620,Paseo Marítimo
La Brasería,29620,Paseo Marítimo
Las Barcas,29620,Paseo Marítimo
Amillo,29620,Paseo Marítimo
Las Brasas
El Paseo,29620,Paseo Marítimo
Maná,29620,Paseo Marítimo
José Cerdán,29620,Paseo Marítimo
Shamba,29620,Paseo Marítimo
Pepe y Carmen,29620,Paseo Marítimo
El Galeón,29620,Paseo Marítimo
Mari y Sergio,29620,Paseo Marítimo
Andaluz,29620,Calle de Antonio Navajas Ruiz
New Mario,29620,Calle Casablanca
Jimmy Beach,29620,Paseo Maritimo
Casa Pascual II,29620,Calle de Chiriva
Playa Miguel,29620,Paseo Maritimo
Rincón de Enrique,29620,Paseo Maritimo
Horno Beach Club,29620,Paseo Marítimo
The Launch,29620,Calle de Carmen
Cervera,29620,Paseo Maritimo
La Zoca,29620,Calle Bulto
The View,,Calle Nerja
La Tómbola,,Paseo Marítimo
La Tasca
Hans en Grietje,,Calle de los Nidos
La Huerta
Florín
The Cosy Nook,29620,Calle Decano Higueras del Castillo
La Biznaga,29620,Plaza de la Nogalera
Cafetería Latino,29620,Paseo Marítimo
La Piccola Italia,29620,Paseo Marítimo
Granier,29620,Paseo Maritimo
Los Pescadores,29620,Paseo Maritimo
Admiral Sports Bar,,Paseo Maritimo
Juan Carmona,29620,Calle de Mar
Bodega Contreras,29620,Calle del Bulto
Mesón La Tralla,29620,Calle del Bulto
Gran Hong Kong,,Calle del Bulto
Pizzeria Napoli,29620,Calle del Bulto
La Cigala Playa,29620,Calle del Bulto
El Mojito,,Calle del Bulto
La Fragata de Tito,,Paseo Marítimo
La Jabega,,Paseo Maritimo
El Fogón de la Abuela,29730,Calle de Córdoba
Venta La Parra
Restaurante La Mirada
Restaurante Premier
Restaurante La Barbacana,,Calle Carretería
Café Berlin,29015,Calle Afligidos
Restaurante Chino Olimpica,,Calle Carreteros
Marengo,,Plaza de las Descalzas
Bar Restaurante El Chiringuito,,Villa Castillo Avenue
Bar La Plaza
Bar Restaurante Los Arcos
Los Gatos,29008
Taberna El Rincón de Lola,29200,Calle de la Encarnación
Sylt
Las Mimosas
Laurel
Roquefort
Cervecería La Sureña
Los Delfines
El Tres,29016
Cafe París
Venta el Boticario
Restaurante La Bodega del Bandolero,29462,Avenida Havaral
Restaurante Cortijo del Alcázar
Bar Sánchez
Bodega San Francisco,,Plaza Ruedo Alameda
Casa Maria
Hnos Moreno
Venta Pastelero
La Posada del Torcal
Hotel Puerto El Peral
El torcal
Bar Oasis
La Barca,,Avenida Duque de Ahumada
El Pescador
Asador Gudalmina
BODEGUITA LA AGÜELA,29670,Calle Lagasca
Kaiser American Food,29190,Calle Lope de Rueda
Pampa - Tablas y Tapas,,Avenida Virgen de la Peña
De Locos Tapas,29400,Plazuela Arquitecto Pons Sorolla
Carabeo Lounge
La Rienda
Turry tapas bar
Benítez,,Calle Hernando Carabeo
Cibeles
Miralmar restaurant
El Candil
Potter Lodge
Restaurante Caribe
Bar El Molino,,Calle San José
Restaurante Fuente La Peña
Venta el Golf,,Av. del Sol
Antonio,29017,Calle Playa del Chanquete
Albarra
La Quinta,29400,Calle Cruz Verde
Golden Beach Bar Restaurant
Cafeteria Málaga Bus Restaurante
Casa Lucas,29004,Paseo Marítimo Antonio Banderas
El Cerro
La Cúpula
Finca La Peseta
Tito's
Da Carlo
El Colorao
La Parada
Redondo Fish
Italica
Julies & Valeri's
La fuente
Michel
Sapore Italia
Kronox,,Calle El Barrio
Holy Hops,29640,Calle Miguel de Cervantes
Tolo Almay Te
La Campana,,Calle Granada
Casa del Piyayo,,Calle Granada
Bodegas Quitapenas,,Calle Sánchez Pastor
Limonar9
Real Bajo
Legends
Café Bar El Chico,,Plaza del Carmen
La Galerna,29017,Paseo Marítimo El Pedregal
Hornos Villanueva
Costa del Sol
Hnos. Ortigosa
"Bar ""La Mesa"""
Arena Resto & Bar,29620,Paseo Maritimo de Playamar
"HESTIA Lounge, Copas y Comidas",29600,Muelle de Teresa Zabell
Avalon Gourmet,29602,Avenida Duque de Ahumada
Casa del Corregidor,29601,Plaza de los Naranjos
The Barber Club
La Taberna del Sacristan
Barroso
La Tinaha
Madras Curry House,29793,Avenida de Andalucía
La Mesa
Casa Pepe
Sierra de las Nieves
Sai Indian Restaurant,29649,Calle Torremolinos
Aroma Cafe & Secret Garden,29650,Calle San Sebastián
Bar Cafeteria Virgen de la Pena
Il Boccaccio
Indalo,29692,Plaza de Ginebra
La Rustica
Armonia
Kalvito
Caliu
Garden,29788,Calle Santa Cristo
La Cubana,29639
El Jardín de las Delicias,,Calle Ildefonso Marzo
Tetería Palacio Nazarí,,Calle San Agustín
Bollywood,,Avenida del Prado
La Latina
Top Jamón
Hamburgurdería M&S,,Arroyuelo
Bar Benito,29750,Calle Rodalcuzar
Bar Melgares,29750,Calle Antonio Ruiz Rivas
Mesón el Chiate,29750,Carretera Sayalonga
Bar Bellavista,29750,Carretera  Sayalonga
El Pollito Azul,,Arroyuelo
Mar Boro,,Arroyuelo
Cafetería Pani
Bodegas La Venecia
Abrasador La Carreta
La Posada
Gelateria di Porto Marina
Carnaval
El Naranjo
Rodeo Steak house
Italian style
Panorama bistro bar
The Drunken Sailor
Palm 5 beach bar
Cheers
La Casilla de Maera,29140,Carretera de Coín
,29730,Paseo Martimo Rincon de la Victoria
Steakhouse Angus
Toro
El Candil,29670,Calle Andalucía
Club de Padel alhambra del golf,,Avenida de los Andaluces
Colón,29001,Alameda de Colón
Mesón Ibérico,29001,Calle San Lorenzo
Cazorla,29001,Alameda de Colón
Play Planet Coffee and Shop,29001,Calle San Lorenzo
El Muro
Bar Torricheli
BlackLabel Urban grill,,Calle Álamos
La Cosmopolita
Churrería Alba
Yo Mathias
casa mateos
Puerta grande
La Casapuerta,29400,Carrera Espinel
El Refectorium Catedral,29001,Calle Postigo de los Abades
Ragazzi Pizza & Pasta,,Paseo Marítimo del Rey de España
Mesón El Sacristán,,Plaza Duquesa de Parcent
G.O.A.T.,29012,Calle San Juan de Letrán
Bar Johan,,Calle Plazamar Centro
El Lechuguita
La Antequerana,29200,Calle Merecillas
Playamaro
Detunda
El Hogar
Café Bar Restaurante Balcon de Maro,29787,Plaza de las Maravillas
Frescos y Mariscos
Mesón Cantarrana,29015,Calle Sánchez Pastor
Beher,29015,Calle Granada
El Jardin
Vinería Cervantes,,Calle Cárcer
Oña,29010,Avenida Carlos de Haya
Al Andalus
Europa Bistro
La Plaza,,Plaza Constitución
Casa Castellana,,Calle Moncayo
Aloha,29660,Avenida del Prado
Finca El Realengo
Canela Fina,29008,Calle Salvago
Bodega El Patio,,Calle Granada
Insitu coffee&cocktail
Los rosales,,Calle Damas
La taberna de miguel,29680,Calle Caridad
Conrado's Cafe House
Nuevo Mundo
Venta
El Chasca
Bar Stop
Marisquería y Freiduría Rocayo
Celicioso
El Recreo,29754,"Calle Parras, 27, 29754 Cómpeta, Málaga, Spanien"
Pizza Maestro,,Calle Salinas
Pizzeria Miguel
Pan and Marmolade
knk (Canca)
La Dispensa Italiana,29001,Calle Tomás Heredia
Restaurante El Trapiche
Restaurante El Pueblo
el Banco
Nuevo Porton
Yanx
Zest
Caffeteria Rando
Lio - Pizzeria y algo mas
Barra Fina
Paco Hijano
Bar Manolo
Cafeteria Taperia Fran Corner
Salon Juebos
Maspan Espressobar
Cafetería Iris
Bar Cafe Restaurante Laguna Beach
Don Pedro *****
La Pérgola,29740,Paseo Marítimo de Levante
Ebano***
Kebab House II ****
Nómadas,29004,Camino de La Térmica
Cafetería Andalucía
Parra
La Bibeles
Mishusi
Pasteleria Las Yucas
La Bella Julieta
Churrería Fortuna
Fernández
Lounge Restaurant
Salon Caleta
Ramos
Papulinos 2,29004,Calle Correo de Andalucía
El Hormiguero,29004,Calle Correo de Andalucía
Sol Y Luna
Venta El Mijeño
Restaurante La Sociedad,29716,Calle de Francisco Gallero Badillo
El Picota Andaluz,29716
López
Miguel
Romero
La Taberna,,Plaza del Socorro
La Mar de Tapas
Heladería La Golosa
Karma café
La Dama de Elche
Ciudad Sur
Bar Antonio Rompeolas
Distinto y Diferente
El Rinconcillo
Chiringuito de Valle Niza
Sanches
Rocinante
Route 66
Solymar
La Moina
D.Andrea
Restaurante Duna
Alba
El Patio
Central Malagueta,,Calle Cervantes
La Equina
Refectorium,29016,Calle Cervantes
Gin Tonic
El Asador de Anoreta
El Deo
Salvori
La Negra
Chiringuito Pedro
El Pollo
El Balandro
Italia
Terraza del Sol
Baron de Cutar
Cardamomo,29010,Calle Hermes
El viejo pit
Sierrezuela
Lana
Cafetaria Ma Carmen
Bar Calypso
La Costa
El Chiringuito
Gioia,,Calle Velazquez
Gurkha Kitchen
Bar Manolo
La Parada
Delicia Coffee
Taberna Battix
La Jasca
Bhua Luang
Bar de Ino,29740,Avenida de Andalucía
La Paradita
Ri-Jo Nederland
El Pescaito de Nicolas,29006,Avenida Juan XXIII
El Bodegón
Varadero
Lola
Barrey
El Centro
Meson Restaurante Las Palomas
La Pasarela
El Camarote
El Calderón
Porto Beach Bar
Chiringuito Moreno
Restaurante Playa
Zapata
Churrería La Ermita,29720,Avenida de Málaga
Lin Lin
El Caserón
Nespresso
Starbucks,29005
Recyclo Bike Café,29005
Café Bar Ortega,29005,Pasillo de Santa Isabel
Taj Majal
Indian Palace
El Pantano
Panda
Port Brasserie
Restaurante bar Pedro
Bar Kaleido,,Calle Dársena
Babel
Batxoki
Halte
La Trastienda
Casa Eduardo
El Trillo,,Calle de Salvador Allende
Bongo's Café,,Calle de Salvador Allende
La Viña de Ale,29620,Calle de Salvador Allende
La Tahona de la Carihuela,,Calle del Bulto
Olas De Levante,,Calle del Bulto
La Taberna K Pasa,,Calle de Carmen
Bar América,,Calle San Ginés
América,,Calle de Carmen
Nick's Bar,,Calle de Chiriva
Zoete Inval,29620,Calle Decano Higueras del Castillo
La Castellana,,Calle Carmen Montes
El Gato,29620,Calle Casablanca
Nozomi,,Calle Skal
,,Calle Casablanca
Estragón,29620,Calle Casablanca
Ajopicao,29620,Calle Casablanca
Solepizzaamore,,Calle Casablanca
Granvinos,,Plaza de San Miguel
La Kanela,,Calle Casablanca
Bodega Guerola
Casa López,,Calle Casablanca
La Guarida
Devinos,,Plaza Federico García Lorca
Kuduro,,Plaza Federico García Lorca
Makalu,29620,Plaza Federico García Lorca
Cervecería La Fuente,,Plaza Federico García Lorca
Gringo's,,Calle Dársena
Gaucho,,Calle Dársena
La Albufera,,Calle Fragata
Da Fano,,Calle Fragata
Pinocho,29630,Calle Fragata
Mombasa,,Calle Fragata
Los Brothers,,Calle Fragata
Club Los Delfines
Mesón A Levante
100 Montaditos
Ciao,29620,Calle del Bulto
Indian Ocean,29620,Paseo Marítimo
Las Rías,29620,Calle del Bulto
Heladería San Miguel,,Paseo Marítimo
Bar de Babbelaar,,Calle del Bulto
La Bonita,,Paseo Marítimo
Spice Grill,,Calle del Bulto
El Elefante,,Calle del Bulto
Casa El Lebeche,,Calle de Carmen
La Goleta.,,Calle Ciudad Real
Sotto Voce,29620,Paseo Marítimo
Restaurante Juan,29620,Paseo Marítimo
Caribbean,29620,Paseo Marítimo
Las Gaviotas,29620,Paseo Marítimo
Mg Jamon,29620,Paseo Marítimo
Krabbi Beach Bar,,Calle de los Peros
Eden,,Paseo Marítimo
El Dorado,,Calle del Peligro
Raven,,Calle de la Cuesta del Tajo
Bodega Quitapenas,,Calle de la Cuesta del Tajo
Casa Colón,,Plaza de San Miguel
Babel,,Plaza de la Nogalera
Bodega El Colmao,,Plaza de la Nogalera
Luna Egipcia,,Plaza de la Nogalera
Palette,,Calle de la Nogaleria
La Barraca,,Plaza de la Nogalera
Garfield's Bar,,Plaza de la Nogalera
Volapié,,Plaza de la Nogalera
Bodeguita Museo,,Plaza de la Nogalera
Zoom Pizza,29660
La Marina
El Rincón de Linares,,Calle Dársena
La Tasca,,Calle Dársena
Jack's,,Calle Dársena
La Parolaccia,,Calle Dársena
Casablanca,,Calle Fragata
Moodz,,Calle Fragata
Bobby Peru,,Calle Fragata
Kahlúa,,Paseo Marítimo
Tiki,29620,Paseo Marítimo
Habla Pez,,Paseo Marítimo
Mister Noodles,,Paseo Marítimo
El Retiro,,Paseo Marítimo
Venta La Higuera
LA PIARDA PLAYA
Tuk Tuk Noodles
Pizza&Pasta
Jardin de Aqua
Los Patios de Beatas,29006,Calle Beatas
Taberna de Pitita,,Calle Fresca
Asia
Casa Quirada
Yogui
La Quisquillosa
El Gato
La tienda
Frog & Co.,,Calle Geranio
Mía Coffee Shop,29008
Cafeteria Bertani Café,29005,Calle San Juan
Le Bistroman,29660,Calle Ramón Areces
Cafè Terranova
Cafe Bar torrú,29002,Calle Alfonso Reyes
The Fountain
La Viborilla,29630,Carretera de Cádiz
D'Kañas,,Avenida Cervantes
Venta El Madroño,29679,A-397
Tita Carmen
Taberna El Puente,,Calle Nueva
Casa Paco Cafeteria
Bombay Spices,,Avenida Rota de Torrenueva
Las Llaves
Paella's y más,29601,Calle Hermanos Salom
Roberto Pizzeria
Naô Pool Club,29660,Calle Los Tilos
Bar Restaurante El Mellizo,,Plaza San Isidro
La Tienda del Turista,,Calle Fray Juan de Andrade
Venta El Martillo
Playa Marina,,Autovía del Mediterráneo
Chiringuito Curro Playa
los Tres Pepes,29602,Paseo Marítimo
El Patio de Mariscal
Bahía Beach
Cervecería La Espumosa
Au Petit Paris
Lan Sang
Pizzería Alveograma
Santa María,,Calle Armiñán
e'tapas
Narval Marisquería
La Cantina
Marisquería La Chacha
Guinn's Irish Pub
Gambrinus,29013,Calle Zenete
La Bodeguita del Medio
Don Chisciotte
Sanar Lounge
La Recova,29005,Pasaje Nuestra Señora de los Dolores de San Juan
El Chinitas,29005,Calle Moreno Monroy
Vinoteca Las Tablas Barbacoa
La Alcaría de Ramos
Pizzeria Cafeteria El paraiso
Bar Central
Los Alegrías
Bar Nuevo
El Cazador
Terra Mia
Querida Nieta
Longhorn del Sol
Bodeguita El Gallo,29015,Calle San Agustín
Óleo Restaurante,29001,Calle Casas de Campos
La Mecedora
Heladería Stracciatella
Restaurante El Canal
Rubyana
Hotel Almejí
Monna Mia
Alfie's Bar,,Calle Poeta Salvador Rueda
Ancá er Mejillón,29013,Calle Santa María Micaela
Enrique y Paco,29013,Calle Santa María Micaela
Tejeringo's,29013,Calle Cristo de la Epidemia
Cafetería El Cañón,29013,Calle Cristo de la Epidemia
Fausto's Grill,29012,Calle Victoria
Byoko,29012
Gusto,29015,Calle Alcazabilla
TKO Tacos,29015,Calle Alcazabilla
Café Negro,29015,Calle Alcazabilla
Grano Puro,29012,Calle Compás de la Victoria
Bodeguilla El Hueco,29012,Calle Compás de la Victoria
Chicon Quintana,29012,Calle Compás de la Victoria
El Caldero,29012,Calle Compás de la Victoria
Café Bar El Jardín de los Monos,29012
Jaral Café,29012,Calle Ferrándiz
Isamoa,29012,Calle Compás de la Victoria
El Camino,29013,Calle Chaves
La Tasquita del Pana,29013,Calle Tejeros
Café Bar El Caracol,29013,Calle Cristo de la Epidemia
Aliolé,29013,Calle Gordón
Bar El Tornado,29013,Calle Cristo de la Epidemia
Guisando,29016,Calle La Era
No Piqui,29016,Calle Sierra de Grazalema
Abreboca,29016,Calle Sierra de Grazalema
Konan BBQ,29008,Calle José Denis Belgrano
Café Bar Lorena II,29013,Calle Manrique
Nerva,29013,Calle Cristo de la Epidemia
La Casita de Maykel,29013,Calle Zenete
Universitas Café,29013,Calle Zenete
La Terraza de Chema,29013,Calle Zenete
Fu Man Chun,29013,Calle Gordón
Café Bar Ferrándiz,29012,Calle Ferrándiz
Cafetería Glasse,,Calle Cristo de la Epidemia
El Imperial,,Calle Cristo de la Epidemia
Taberna La Antigua,,Calle Trinidad Grund
Diamar,,Alameda Capuchinos
Al Almatin,,Alameda Capuchinos
El Pikón
Payma
Bocatería Lex Flavia
Mr. Bokata
Casa Valverde,29013,Calle Toquero
Cafe Sanyres
La Tertulia del Limonar,29016,Paseo del Limonar
Verde Limón,29016,Paseo del Limonar
Cafe Bar Costa del Sol Orly,29012,Calle Hurtado de Mendoza
La Contraseña Music Bar
Haruki,29016,Avenida de Príes
Aire Gastrobar y Restaurante,29016,Avenida de Príes
O Mamma Mia,29016,Avenida de Príes
Cafe Seven,29016,Avenida Pintor Joaquín Sorolla
Restaurante Miramar,29016,Avenida Pintor Joaquín Sorolla
El Horno de Seven,29016,Avenida Pintor Joaquín Sorolla
Restaurante María,29016,Avenida Pintor Joaquín Sorolla
Polvillo
Los Cangrejos
La Taberna del Fraile,29016,Paseo de Sancha
Terra Mia,29016,Paseo de Sancha
Key Zen,29016,Paseo de Sancha
Restaurante de Sancha,29016,Paseo de Sancha
La Primavera,,Paseo Marítimo Rey de España
La Camperia Malaguita,29016,Paseo de Sancha
Starbucks,29007,Calle Hilera
Yanagi,29016,Paseo de Sancha
Chinitas Terraza Bellavista,29016,Paseo Marítimo Pablo Ruiz Picasso
El Rincón de las Delicias,29003,Avenida Sor Teresa Prat
Granier
Martín Playa,29640,Paseo Marítimo Rey de España
Marisquería El Pimpi Florida
Café-Bar Andrés
Tejeringo's Los Exagerao's,29018,Calle Almería
Little Italy
gioletto,,Calle Real
El burro blanco flamenco bar,,Calle Gloria
Bar El convento
Los Cuñao,29017,Paseo Marítimo El Pedregal
Azulete,29480,Calle Toledillo
El Yate,29740,Calle Saladero Viejo
Antonio Playa
Sollo Restaurante
Angus Steakhouse
Makati Teppanyaki
Moncayo 35
Lizarran Gastro
Bombay grill
Rincón del Cani
Bar España
San Juan
Bar de Castillo,29690,Calle de la Villa
Restaurante Don Cabanne
Raff Tapas & Bar,29010
El Pescador
El Carnicero 2 Grill
Gastronómica
Bar Okey,29008
Casa Blanca,29602,Avenida Miguel Cano
The Cafe II American Bistro
La Taberna del Pintxo
Restaurante Tormes,29012,Calle San Agustín
Wendy Gamba,29015,Calle Fresca
Albacara
Restaurante Abades Ronda
The Kathmandu II,29630,Pasaje del Aguila
Contracorriente,29532,Calle Real
Da Bruno a Cabopino
Eva
Entremares,29017,Calle Playa del Chanquete
Los Parales
Victoria
Cafetería Sarria,,Calle Alfredo Palma
Pizzería Kiki,29603,Calle Alfredo Palma
La Fontanella
Mesón del Pueblo
Murphs Irish Bar and Restaurant
Pizza Pino,29016
Restaurante Marrakech,29016,Avenida Cánovas del Castillo
Taj Palace,29016,Avenida Cánovas del Castillo
Trastevere,29016,Avenida Cánovas del Castillo
Bilmore,29016,Calle Cervantes
La Romántica 2,29016,Calle Arenal
Bon Appetit,29016,Calle Cervantes
El Huerto
Caffe Stella
Sweet Corner
La Estancia
Da Vinci
Mesón Doña Lola
The Spice Lounge
Lemongrass
Entrecot
Enrique's
Restaurante Pangea
Pizzaria Calypso
La Lucera
Ristorante La Farfalla
El Zoco Café-Bar
Bar Restaurante Buena Vista
Los Rocos Beach Bar
Le Bash
Florian's
La Tabla
Jorges's Diner
Caballo de Mar
Chiringuito La Lonja
Sala Estar
Mesón Diego. Antigua Verita.
Ellen
El Toro,,Plaza De La Nogalera
Vida Sana
Mediterráneo,29620
La Bocatería
Terral Gastro Bar
La Barra de Zapata,29015,Calle Salinas
La Luz de Candela,29012,Calle Dos Aceras
Restaurante Uri Sushi,29012,Calle Madre de Dios
Los Tony's,29604,Avenida del Naviero
Restaurante Pez Tomillo
Mesón Astur
Restaurante El 34
Playa & Sol Lounge
Restaurante El Patanegra
Tahona de Chana
Bodega García Hidalgo
Inasia,,Fragata local B1-B4
Roman Oasis Minigolf
Café Victoria,29740,Calle el Copo
Bar El Negri,29740,Paseo Larios
Tu Rincon Dulce Cafe Central,,Calle Padre Mariano Soubiron
El Vietnam Sur,29620,Playamar
Punto & Pasta,29740,Avenida Duque de Ahumada
Venta-Asador EL CORTIJUELO
Taberna El Mentidero,29015,Calle Sánchez Pastor
El Redondeo,29012,Calle Barcenillas
Café Luz de Luna
Calendula Tapas,29620,Calle Skal
El Mercader,29016,Paseo Marítimo Ciudad de Melilla
Mesón Carrión,29500,barriada Bermejo
Taberna El Bordón Marbella,29601,Calle Pataleon
La Barca
Casa Juan
Graingers Bar
Piazza Italia
La Casita
El Bandolero
La Socorrilla
Stadium
Villa Colina Restaurante Club House,29679,Calle Pinsapo
The Mexican,29692,Calle Delfín
El Dolphin,29692,Calle Delfín
Casablanca Lounge,29692,Calle Delfín
the Café III American Bistro,29692,Calle Delfín
Shazna,29692,Calle Delfín
FU,29692,Calle Delfín
Golden Hongkong,29692,Calle Delfín
Karola Lounge Bar @ Grill,29692,Calle Delfín
KINSALE Bar-Bistro,29692,Calle Delfín
Ocean C@fé & Bar,29692,Calle Delfín
The Slow Boat,29692,Calle Delfín
La Marine,29692,Calle Delfín
HEAVEN Sports Bar,29692,Calle Delfín
KuKu,29692,Calle Delfín
Griffin‘s,29692,Calle Delfín
La Barra Inka Nikkei,29015,Calle Santiago
Las Merchanas Taberna,29008,Calle Nosquera
La Canasta,29005,Calle Atarazanas
Bar El Coneo,29360,Plaza de la Constitución
Entre Ascuas,29360,Plaza de la Constitución
Mesón El Atillo,29360,Avenida de Andalucía
La Ponderosa
Bar J Palacios
Blue Palm,29602,Paseo Marítimo
The Boardwalk,29602,Avenida de la Fontanilla
El Edén,29602,Avenida Duque de Ahumada
Lizarrán,29602,Avenida Duque de Ahumada
Friûl,29602,Avenida Duque de Ahumada
Candilejas,29602,Avenida Duque de Ahumada
Oasis,29602,Avenida Duque de Ahumada
Kristin,29602,Paseo Marítimo
Entreplaza Marisquería-pescadería
Rincón del Marqués
El Nuevo Embarcadero,29680,Puerto Deportivo de Estepona
Bar Alarcón
Terra Mía Express,29013,Calle Circo
Bar Trini,29012,Calle Cruz Verde
La Cuesta,29360,Calle Pablo Ruiz Picasso
El Patio de Frasquito Pedro,29360,Calle Nueva
Oasis
Slow Boat
Café III
Dolphin
la taberna,,Avenida de Nabeul
padthaiwok
Gourmet Burger Room,29602,Avenida Antonio Belón
abastos & viandas mercado gourmet,29602,Avenida Ricardo Soriano
Fast Fish
Trattoria Siciliana,29640,Paseo Marítimo del Rey de España
Madeinterranea
Maysu
Restaurante El Albero
PadThaiWok,29640,Calle Jacinto Benavente
Le Grand Café Centro,29007,Pasillo Guimbarda
Las Maravillas,29400,Carrera Espinel
Tres Coronas
Okami,29015,Calle Císter
Cortijo de Cortes
Alvarez
Asador Tehuelche Grill Argentino
Pizzeria Ristorante Calabrisella,29793,Avenida América
Loco Gringo
La Tirana
Ciao,29015,Calle Granada
Amigos
Salitos Bar
Angus Steak House
Tulum Beach Club and Restaurant,29630
The Madass Bar
The Jolly Pirate Bar
Starbucks,29005
Tragatá,29400,Calle Nueva
El Tesoro del puchero,29006,Calle Babel
Mesón El Antiquario
Casa Lucía
El Angelote
Café Las Campanas
Opera Café
La Fragua
La Garganta
Namaste,,Calle Almirante Ferrándiz
La Carlo,,Calle Casas de Campos
Mura Mura,,Calle Duque de la Victoria
Bar Restaurante La Plaza
Puerto Blanquillo
Portofino
Casa Quino
Flores
Figaro,29649,Calle Ronda
Wok Costa del Sol
El Gusto,29649,Bulevar de La Cala
Olé
Yin Teppanyaki,29630,Avenida Estrella del Mar
Bar Irene,29009,Avenida Barcelona
,,Calle Los Perros
Ginos Fuengirola,29640,Avenida de la Encarnación
Restaurante Taberna Teteria Hierbabuena,,Avenida de la Constitución
Restaurante New China
PadThaiWok,29649,Calle Ronda
Cyrano Bar & Grill
Meson del Castillo
Pizzeria Italia
La Avenida
Pad Thai Wok,,Avenida de la Constitución
Playa
Antonio,29691,Calle San José
Sitar Restaurante Indio
Alfredo,29670
Delfines
Bar Casablanca
Mesón de Calahonda,29649
Chiringuito Las Gaviotas
Marisqueria Casa Vicente
Restaurante Chino Hong Kong II,29793,Avenida América
Plaza 45
KoKomo,,Avenida Finca Pernet
Elemi Vegetarian Restaurant,,Avenida del Carmen
manuka
Cafetería Bar El Rincón,29010,Calle Carlinda
Café Rouge
Pizzabalas
Cafeteria Champi,,Avenida de España
The Event & Grill
Tahiti
Parrillada Argentina,,Calle de Salvador Allende
China City,,Calle de Salvador Allende
Tabasco Grill,,Calle de Salvador Allende
La Tapateca,,Calle de Salvador Allende
Spice Gril
Il Sogno,29620,Calle de Salvador Allende
Multani's,,Calle del Bulto
't Karrewiel,,Calle del Bulto
Bar Populair,29620,Calle del Bulto
Frutos del Mar,,Calle de Carmen
Restaurante Estambul Grill,29005,Alameda Principal
Casa Juan Los Mellizos,29620,Calle San Ginés
Gewoon DO,,Calle San Ginés
Bar Internacional,,Calle de Chiriva
Pepe Rios,,Calle de Chiriva
't Kippenhuis,29620,Calle Decano Higueras del Castillo
Café ome Kobus,29620,Calle Decano Higueras del Castillo
Inkas Place,29620,Calle Carmen Montes
El Cortijillo,,Calle Carmen Montes
Abriendo boca
Cafe Savoy
D'graná,29620,Calle Casablanca
El N.A.,29620,Calle Casablanca
Cafe Wunderbar,,Calle Casablanca
Peggy Sue's,,Calle Skal
Granvinos,,Calle Skal
Miramar,,Plaza San Miguel
Aroma,29620,Calle San Miguel
Loft del Mar,29620,Calle de las Mercedes
Bar Baccus,29620,Calle de las Mercedes
La Bodega,29620,Calle San Miguel
El Rincón de Boli
Carambuco,,Plaza de la Unión Europea
PadThaiWok,29620,Plaza de la Unión Europea
Sabor de Portugal,29620,Plaza de la Unión Europea
Cantina La Cachava,,Plaza de la Unión Europea
El Abanico,29620,Plaza de la Unión Europea
La Trastienda de Juan,29620,Pasaje Gitanillas
El Caballo Andaluz,,Plaza de Andalucía
Café Central,,Plaza de Andalucía
El Abuelo,29620,Plaza de Andalucía
Arigato,29008
Novobar,,Paseo Marítimo
The Seaside,29620,Paseo Marítimo
Colonia,,Plaza de la Nogalera
El Mangaleta
,,Calle de León
La Taberna de Flores,29170,Calle Iglesia
Café Bar Plaza,29170,Plaza de España
Er Pichi de Caí,,Calle Trinidad Grund
Mesón Pepe y Antonia
Restaurante Miramar,29793,Avenida El Pozuelo
Hotel Restaurante Belén,29170,Avenida de los Montes
Bar La Esquinita,29180,Calle Cabo Puente
Mesón El Pilar,29170,Pasaje del Pilar
Restaurante Balcón de los Montes
Casa Andreas,,Calle Manuel Navarro Mollot
Café-Copas Er-Pikoskiyo,29170,Calle Tajo del Hornillo
Bar Cafeteria Arco del Sol
Restaurante Casona los Moriscos,29170
Churrería La Malagueña,,Calle Sebastián Souvirón
Amigos,29015,Calle Bolsa
El Mesón by La Bodeguita,29660,Calle Ribera
Bar Los Pibes
Restaurante La Lola
Astrid Tapería Orgánica,,Calle Calderón de la Barca
El Pescaito Dorado
La Peña
V y R
La Alberca
Hogar del Jubilado
La Casa del Jamón
Infante 20
Chicon
Leila
Pañero
Sabor Andaluz,29680,Calle Caridad
Wazza Beach Bar
La Taberna del Oso y El Madroño
Restaurante Marisquería Málaga Doramar,,Calle Emilio Díaz
La Fábrica,,Calle Trinidad Grund
La Ménsula
Casa Lola,,Calle Strachan
Vermuteria la Classica
,29001,Avenida Manuel Agustín Heredia
,29001,Avenida Manuel Agustín Heredia
,29001,Calle Duquesa de Parcent
Casa Miguel
La Cordobesa,29001,Calle Córdoba
Salón Axarquia,29005,Alameda Principal
El Rincón Ibérico,29005,Calle Panaderos
Bar Los Pueblos,29005,Calle Atarazanas
La Mejicana,29651,Calle Murillo
La Desayunería,29005,Calle Atarazanas
Anserini Coffee and Drinks,29005,Calle Puerta del Mar
Don Premio,29005,Calle Atarazanas
Restaurante Bandelero,29649,Calle Marbella
Cafetería Alejandro
Tandoori Mex,29005,Calle Esparteros
Salduna Beach,29680,Avenida de la Playa / Urbanización Benamara Dos Hermanas
D Rechupete,29014,Calle Sinaí
Los Barrigones
The Royal Indian Restaurant,,Calle Salvador Allende
Indian Restaurant,29130,Calle Álamos
Coriander,,Calle del Bulto
Indian Curry Restaurant,,Calle Casablanca
Bollywood,29620,Calle de la Playa
Spicy Sombrero,29620,Calle de las Mercedes
Masala,29649
Cala Bela
MK Bar
La Toná,29649,Calle Torremolinos
Taberna La Carriola,29649,Calle Torremolinos
Pescarderia La Cala,29649,Calle Torremolinos
19th Hole,,Bulevar de La Cala
Pizzaria Italiana,,Bulevar de La Cala
Churrería Cafetería Cañon
Tandoori Grill
Bar Castillo
Nirvana,29631,"Av del Retamar, Reserva del Higueron"
Bocateria Los Delfines,29014,Alameda Barceló
,29014,Alameda Capuchinos
Cafetería Framil,29005,Calle Cisneros
Rincón del Tapeíto
Bar España
London Bridge
Bay of Bengal
Bar El Niño
Noor Mahal
Mandarín
Cinnamon Club
Nahar Mahal,,Avenida Antonio Machado
Mint Leaf
Flying India
Amigos
Coriander
Restaurant No7
Tandoori Grill,,Av. Blas Infante
Azafrán
Rat Pack
Cafe Bar La Plaza
Asador los Pacos
La Casa de la Pizza
Sizzler
Masala Korma
Pepperoni Indian Italian
Asador los Pacos
3 Flavors
Pepperoni
Paseo del Mar
Namaste Fusion,,Calle General Rodrigo
Mumtaz Mahal
Indian Flavour
Portón de Piedra,,Carretera de Cártama
Balcón de Mijas
"Lotus, la Malagueña"
Palace of India
Verona
Taste India
Milan,,Avenida Federico García Lorca
Rat Pack,,Avenida Federico García Lorca
Indi-Mex
Taste Indian Mexican
Salamandra
Cafe Fenix
Dona Lola
Cafetería bar la estación
Punjab Palace
Connoisseur,,Calle Acuario de Riviera
Indian Ocean
Bombay to Goa
Priya
Indi Mex Grill,,Calle Acuario de Riviera
Bay of Bengal
Divino
Coriander,,Paseo Marítimo del Rey de España
Thai Garden,,Calle Castillo
La Casa de Curry,,Calle Moncayo
Nawab,,Calle Moncayo
La Rustica
HM150 Restaurante Horto Málaga,29793
Heladería Cafetería Mayke,29014,Alameda Barceló
La Farola
La Machina Food and Drinks,29017,Paseo Marítimo El Pedregal
Mimo
Amaka Beach
Semarango
Vuala
Coctelería Vox
Didar Doner Kebab
Mama Kebab
Original Burger Grill,,Paseo Marítimo
Montemar
La Barca,29780,Paseo Maritimo Antonio Mercero
YuuTaley
Puerta Grande
Venta la Parrila
Cafeteria Jara
Posibilia
Bar La Cueva
Bar Gaucín
Indiano
Rufino
Bar Sonia
La Cocina de Charo
El Cordero
Dehli Darbar
La Bodega
La Terraza de la Torre
Molino del Conde
Centro Social
Tasasquita Paca
La Algeena
Brunchit,29008,Calle Carretería
Las Cañas Viejas
El Guarda 1926
Aromas
Bar Marino
Gamba Cristal,29651,Avenida de Mijas
Gran Cafe
Colonial Restaurante
La Espiga Dorada Fuengiroleña
Fortun
La huertA
El Molcajete,29640,Calle Palangre
Cafe Boulevard,29649,Bulevar de La Cala
Saffron
Restaraunte Lorena
El Rompe Huevos,29010,Calle Hermes
Loving Hut,29002,Calle Peregrino
The Wala Room,29620,Calle la Toja
Anchoita Bar,29010
Pizzería La Fainá,29010,Avenida San Sebastián
El Legado Celestial,29002,Calle Peregrino
Bar Andaluz
Restaurante Che Bolú,29620,Calle de la Cruz
Los Porches
Bocarte Lounge Bar
Bar Restaurante Trepaolla
Café Bar Los del Túnel
Restaurante Los del Túnel
Venta Los Palomos
Cafe Levante,29016,Calle Arenal
Caffé Italia,29016,Calle Arenal
La Farola de Cervantes,29016,Calle Cervantes
Buxarra
Capracho
Bar O Moment,29602,Calle León
Sidreria Usategui
Molina,29007,Calle Mármoles
El Ambigú de la Coracha,29016,Calle Campos Elíseos
Yuan
La Parada del Zacantin
Foster Hollywood
Lizarran
Brooklyn
Occo
Vila do Grove
Pan y Deli
La Espiral,,Calle Dos Aceras
NicPic,,Calle San Juan de Letrán
La Polaca
Boca Llena,29010,Avenida Parménides
Venta Socorro
Pizzeria Natali,29640,Avenida Jesús Santos Reín
Restaurante Parador,29004,Carretera Campo de Golf
Cafetería Parador,29004,Carretera Campo de Golf
Ginos,29002,Calle Explanada de la Estación
Balcòn de Comares
Hotel Restaurante Atalaya
El Niño
Restaurante Yerbagüena
La Bodega
Bar Luna
Restaurante La Casona,29680,Calle Caddie
Café-Bar Rincon el Colorin,,Calle Sin Nombre
Torre del Mar,29740,Calle Infantes
Repipi,29640,Calle Miguel Bueno
Freiduría Ángela,29640,Calle Miguel Bueno
Bar Arcoiris
Hemmingways
El Taqueo
La Sole del Pimpi,29015,Calle Zegri
Baobab
Café Bar Axarquía
El Romeral
La Choza
Bar Plaza de Abastos
La Princesa,,Calle Héroe de Sostoa
Psycho - fusión café_bar,,Avenida del Mar
Eureka,,Calle Mendoza
Jaipur,,Avenida Duque de Ahumada
Restaurante Los Curros,29014,Calle Juan Montes Hoyo
La Calle Burger Teatinos,29010,Avenida Gregorio Prieto
Habanera
Marisquería Huelin
Cafe Bar David,29754,Plaza del Carmen
Figón de Juan,29007,Pasaje Esperanto
Gloria Hoyos,29008,Calle Carretería
Burguer Mortadelo,29002,Calle Capulino Jáuregui
Bruno's Grill
El Encuentro,,Calle Góngora
el Limonero
Ranchón Cubano
El Morabito
Mayan Monkeys,29650,Plaza de la Constitución
El Lago,,Avenida de las Cumbres
Restaurante El Trapiche,29601,Avenida del Trapiche
Pizzería Venecia,29601,Avenida del Trapiche
Santa Coffee,,Calle Tomás Heredia
La Pluma
Tasca láska Malagueta,29016,Calle Fernando Camino
Sol del rio
Mesón Plaza Mollina,29532,Plaza de la Constitución
Mondragon
Cafe Bar David Restaurante,29754,Plaza del Carmen
Toro Tapas,,Carrera Espinel
Mister Noodles
Massumi
Desiderio
La Bella Torino*****
Los Montes,29013,Camino Colmenar
Casa Aranda,29005,Calle Horno
Las Merchanas
Pepe Oro
Le Bar Bier
Pizzeria Mamma Julia
Marley's cafe
Agli Picante
Parrilla Argentina La Estancia
La Barbacana
Restaurante Triana
Freiduria Miraflores
La Fri de Poli
La Pizza di Ale
El Zucio
Casa de la Era
Zokalo Tapas bar
Las Merchanas II
Leña por Dani Garcia,,Bulevar del Príncipe Alfonso de Hohenlohe
Cafeteria el Eden
Bar paco
Lucena II,29630,Avenida Armada
Juan Palomo
Chez Pepe
El Cortijo
Almocabar
Bar Los Arcos
Cafeteria Altea
Terraza Palacio del Ray Moro
Duende's
Mi Rinconcito,,Plaza Ruedo Alameda
Biopicnic
Don Fernando
Doña Pepa
Asian Wok
Churrería Plaza Abastos
La Torre II
Mesón Casa Carlos
Mercado
El Horno
Freiduría el Trasmallo,,Paseo Larios
Chino Panda
Venta de Alfarnate
Exoticca Restaurant,29660,Urb Cortijo Blanco
Bar Los Pepes
L'Italy
El Coco
Taberna El Piyayo,29015,Calle Granada
Taberna del Pintxo
Granada 44,29015,Calle Granada
Hard Rock Café,,Paseo del Muelle Uno
Restaurante Redondo’s,29718,Calle Cornellá de Llobregat
La Maroma
Kipfer & Lover
Good Stuff
Sol y Sol
Trattoria
La Tahona
La Taperia de Benalmádena,29639,Avenida del Chorrillo
El Mirador,29150,Avenida Juan Carlos I Rey de España
Bar Inter Paris
Che Bolú Málaga,29004,Calle Pacífico
Bienmesabe
Pizzeria Pompei,29630,Avenida de la Armada
,29014,Carretera de Coín
Mesón El Ciervo
Restaurante Casa Paco I,29620,Paseo Marítimo Playamar
Pizzería Crepería La Favorita,29620
Cafetería Marítimo
Buddies Bar Marbella
Emerald Sports Bar
Gregorio Restaurante,29688,Calle Loira
Juàn Manuél
Bar Restaurante Las Adelfas
Triana
Bar La Plaza
Bar Benarrabá
100 Montaditos,29005,Calle Herrería del Rey
La Plancha Taberna,29002,Calle Héroe de Sostoa
Dao's Bar & Thai Restaurant,,Avenida Ramón y Cajal
Panaderia San Antonio
Jeti's Kebab
Lime and Lemon
Patagonia Steak House
Santa Canela Café,29005,Calle Fernán González
Little Italy
Pavarotti
El Capricho Sandaluz
La Brasa Tex mex steak house
Kome Kome hamburguesería
Moochers jazz cafe & restorante
La Solera bodega restaurante
Bar Currillo,29004,Camino Carabineros
Lime & Lemon,,Avenida de las Palmeras
La Casa del Rey,29680,Calle Raphael
Bar Restaurante El Rubio,,Calle Alcalde Juan Barranquero
Marisquería Tapeía La Marenga,,Calle Alcalde Juan Barranquero
Bar Capri 2,,Calle Alcalde Juan Barranquero
Cafetería Antonio,,Calle Reñidero
100 Montaditos
Descorche,29014,Calle Álamos
La Alacena de Francis,29001,Calle Montalbán
El Palenque,29004,Carril Guetara
Amura
The Cereal Boom,,Calle Córdoba
Gálvez,29006,Calle Mefistófeles
Patagonia
,29140,Carretera de Coín
Esquinta Paulina
La Canasta,29005
Pizzería Alveograma
Churrería Generalife,,Plaza Puente Málaga
Pronto Factory Pizza
Cafetería-Churrería El Artesano,29140,Calle Torremolinos
Dunkin' Coffee
Tejeringo‘s Coffee,29017,Avenida Pío Baroja
San Miguel
San Miguel
Come Pizza
Mare Nostrum,29680,Puerto Deportivo
Thapa Thai,29680,Arrabal Pto. Deportivo
El Caliente,29680,Calle Real
Ricks Cafe Centro,29680,Calle Real
Don Reinaldo,29680,Calle Real
Jaipur Purple,29688,Calle Camomila
Casa Navarra
KAKTUX
Retrogusto
El Bodegón de Juan
El New Greco,29601,Calle Tetuán
Buenos Aires Steak House,29601,Calle Tetuán
Wabi Sabi,29602,Avenida Antonio Belón
Ichiban,29602,Avenida Antonio Belón
TORO Burger Lounge,29602,Avda Fontanilla con Paseo Marítimo
El Cafellito de Frida,,Calle Cuesta del Grupo Escolar
Restaurante Virgen del Mar
Restaurante Gloria Bendita
Dulces Dreams,29008
Restaurante Las Esperillas,29755,Carretera Canillas de Albida
Cafe Sierra Almi Jara,,Carretera Canillas de Albida
Lorena Café
Bar Marcos
La Carpintería
Botanic,,Calle Almirante Ferrándiz
La Bottega
La Parada de Chani,29140,Camino del Pilar
Bandolero's Pizza
Casa Manolo
Mejias
Tejeringo's
Moto Rock Bar HS
Brunchit
Café Bar Calle de Bruselas,29012
Cafe La Mona Chita *****
La Pica
Casa Antonio
Casa Lola
Taj Mahal
Casa Carlos 1936,29016,Calle Keromnes
Zulaica
Bar Andalucia
Los Chavos
Cafetería Dani,,Avenida gerald Brenan
Bar Cantina
Korner 23,29002,Calle Cuarteles
La Unión
Los Garridos
Fegosi II
Mesón El Ventero del Trabuco,29313,Calle Libertad
Bar Las Palmeras
El Palustre
La Cabaña
Taberna Marinera Pepi y Juan
Al Zahrá
Dehesa Santamaría
,29313,Calle Velázquez
Mesón Ibérico Paco Tacones
Los Cabales
Bar El Duque,29313,Calle Almería
Venus
Churrería Rincón de La Sierra
Kortxo,29015,Calle Salinas
Pizzeria La Favorita
Corleone Italian Restaurant
La Relojera
,29010,Calle Gustavo Pittaluga
Taberna El Moniato,29680,Calle Real
Niña Bonita,29001,Calle Martínez Campos
Venta la Laguna
Bar Sun
El Rincón de Paqui,29013,Camino Colmenar
Name unbekannt
Chao Long 超龙
Sirocco,29602,Avenida de la Fontanilla
Cafetería La Terraza de Cocó,29140,Calle Julio Caro Baroja
Restaurante Estación de Manolo,29140,Carretera de Coín
Restaurante Pizzería Débora,29140,Carretera de Coín
Tejeringos,29014,Avenida de Las Postas
Prema
Cafetería Heda,29013,Calle Paco Miranda
Sultan Golden Curry,29004,Camino Guadalmar a la Loma
Pub La Bamba
Restaurante El Horno
Asador La Cocina del Zarcillos
Kale & Pepper Plant Food,29008,Calle Carretería
La Sociedad Herbívora,29008,Calle Juan de Padilla
Asador Iñaki,29002,Calle Héroe de Sostoa
Ascuas
El Tranvía,29016,Calle Sierra de Grazalema
Bar Restaurante Reyes
Hopper
La Pequeña Españita,29014,Camino Casabermeja
Pizerría Picasso,29014,Calle Lorenza Correa
La Vikinga,29016,Calle Federico Fellini
Freiduría Er Salmonete,29014,Calle Albéniz
Ruance,29014,Calle Emilio Díaz
Mesón Segalerva,29014,Calle Actriz Rosario Pino
El Jardín,29014,Calle Emilio Thuillier
Casa Fernández,29014,Calle Emilio Thuillier
La Deriva
Cafetería Tejeringos,29004,Avenida Imperio Argentina
La Scala Ristorante,29004,Avenida Imperio Argentina
Trattoria Mamma Franca,29004,Avenida Imperio Argentina
La Grada,29004,Avenida Imperio Argentina
Restaurante Casa Vázquez,29013,Camino Colmenar
Granier
Ku'damm
Cafetería Lío Beach
Los Almendrales,29013,Camino de los Almendrales
Toro Burger Lounge,,Avenida de la Fontanilla
Toro Burger Banús
Los Mellizos
"Restaurante Aqui Te Quiero Ver ""Lunamar"""
"Che,Vos !!"
Munchies Smokehouse and Bar
Venta Purguine
Asador Sastreria,29700,Plaza de la Constitución
Stuzzikini
Casa Mari
Mesón Morisco,29752
Sem’s
restaurante Marrakech,,Calle Ceuta
La Calma Playa,29738,Avenida de la Axarquia
Tutto Benne Little Italy,,Calle De la Cruz
Las Gitanillas,29680,Calle Caridad
El Pilon,29754,Calle del Labernito
Casa mari
elbardemanolo,29770,Plaza de la Constitución
Pavo Real Restaurant,29754,"Av. de Torrox, km8.5"
Ku'Damm Berlin
Bibra
D'Antojo
Vulebar
Natural Noodles
Café de Chinitas,29015,Pasaje Chinitas
La Niña del Guardia
Nuevo Café Casagrande
Ristorante La Sibilla,29680,Calle Real
Mesón Carmen la de Ronda
Mi Mundo
Pizzería Trattoria Nonno Peppe
Spiral Restaurante
Cantina Canalla,29010,Avenida Plutarco
La Cantina India,29010,Calle Hermes
Cantina Canalla,29001,Calle Trinidad Grund
Tunante,29010,Calle José Iturbi
Mamuchis,29001,Calle Casas de Campos
Karma
Nolita
La Pachamama
El Radar
La Cueva
La Pescadería
La Peregrina Centro,29012,Calle Madre de Dios
Tu Sabrás
Alboka Gastro,,Avenida Virgen de la Peña
Amarillo Coffee & Lounge,29680,Calle Safardi
La Valiente,29008,Calle Beatas
Okami
El Gaucho,29649,Calle José de Orbaneja
Restaurante Mare Nostrum,29602,Avenida Antonio Belón
Rib Shack
Caruso
Nonna Helado Artesanal
La Casita Mexicana
Restaurante Bar Oña,29009
Amo Te,29620,Calle Leala Norte
Bar Celestino
Bar Demetrio
Restaurante El Coto
Bar Los Cazadores
Restaurante El Cuarterón
Bar Ébano
Bar La Bodeguita
Restaurante D'María
Bar La Alegría de Mi Opaíto
Bar El Encuentro
Restaurante Cantarrana
La Casa de Anyo,29010,Calle José Iturbi
Taberna La Cazuela,29010,Calle José Iturbi
Las Acacias,29017,Paseo Marítimo El Pedregal
El Balneario,29018,Calle Bolivia
Restaurant Los Caracoles
La Piedra
La Piccolina,29004,Calle Luis Barahona de Soto
Er Juani,29008,Avenida de la Rosaleda
Ban Thai Restaurant
Nómadas Burguer,29010,Avenida Gregorio Prieto
Sherif Playa,29017,Avenida Salvador Allende
D'Antojo,29017,Avenida Gregorio Prieto
Cafetería Navarro,29009,Calle Natalia
Bar Restaurante El Asturiano,29009
Victoria El Pimpi
Nueva Tahona
Taberna El Sacristán
El Sacristán
Arriba y Abajo
Kanaloa,29017,Paseo Marítimo El Pedregal
Irish Pub
Black Label Teatinos,,Calle Andrómeda
Venta El Camino,29604,Autovía del Mediterráneo
Cafetería Badara
Bar El Maestro,,Avenida Juan Sebastián Elcano
Marisquería-Freiduría La Ñ,29013,Camino Colmenar
La Mesonera,29012,Calle Gómez Pallete
Restaurante Hierbabuena,29008,Calle Puerta Nueva
Receso,,Calle Pirandello
Bajres,29008,Calle Méndez Núñez
La Colina Beach,,Avenida de Marife de Triana
Píkaro Marbella
Bar Casa Bosque
El Ancla
Restaurante Limonar 40,29016,Paseo del Limonar
Restaurante Tormes,,Calle San Agustín
Bocadillos Los Prados
Taperia Santy
Café Bar Juan Miguel
Los Cazadores
Hostal El Romerito
Cafetería Bar Guerrero Hijos
Cafetería de Flores
Restaurante Ventorrillo de Santa Clara
Restaurante La Minilla
Bodegón Trops
Mesón Restaurante El Gamo
Casa de Vinos La Odisea,29016,Subida a la Coracha
El Botijo,,Avenida de los Guindos
Gecko Beach Shack,,Avenida del Sol
Takeko Japanese Bar,,Calle Alborán
Casa Ovi,29004,Avenida Sor Teresa Prat
Casa Rafael (Papa Erig),29631,Calle Andalucía
Bar Tocata,29015,Calle Duque de la Victoria
Mamá Ristorante & Pizzería,29002,Calle Cuarteles
Luke's Bar,29005,Calle Fajardo
Amaï
El Cordobés,29601,Calle Arte
La Pesquera
Pizza Palace
Cafetería Restaurante Los Alba,29010,Calle Demóstenes
Mercato della Fontanella,29602,Calle de Pablo Casal
La Vía
Bar Los Rombos
Restaurante La Bohemia
Restaurante El Cofrade
Bar Chavico
Platero y yo,29130,Avenida Reyes Católicos
Buster’s Bar
Casa Kiko
Antico Mulino
Bar Diego
La Placita
Café - Bar Titanic,29313,Calle del Guadiana
Molisse
Pizzería La Piazza
Ristorante Zia Lola,29651,Avenida De Gran Bretaña
Churrería Nueva
Green's
Cafetería Zalia
Los Cañizos
La Luca
Canuto
Juani & Dani
Barbillón Marbella
Venta los Atanores,29240,Vereda del Chorro
La casa del té
Café de Ronda
Kaleja,29015,Calle Marquesa de Moya
Los Naranjos
I Love Pizza
Entre Vientos,,Avenida del Faro
Hola
El Almendro
El Fogón de los Vidales
La Ventilla
L-Ichibar
Bar de copas Sasha,29793,Avenida América
Tapas Bar Cinema
Pahuna Nepalese & Indian Restaurant,29770,Avenida Esperanto
Dulce Casa
Snooker Torremolinos Billar Bar,,Avenida Isabel Manoja
Pombo
Uvedoble Taverna,29015,Calle Alcazabilla
El Pugilla
La Abacería
Chiringuito Puente Romano
Barroco
Conmpasión
Wok Two
La Terrazita
La Sartén de la Abuela
Mesón El Pino Rojo,29018,Avenida San Antón
La Canasta,29003,Avenida Sor Teresa Prat
Mirador del Mediterráneo,29016,Camino de Gibralfaro
Los Naranjos Bar Restaurante
Divinísimo
Tasca Láska Bistrobar,29002,Avenida de la Aurora
Pizuela
Pizzería Fontanilla,29602,Calle de Pablo Casal
Acapulco
Gallo Marbella
Alma de Triana
La Tasca del Langui,29002,Calle Tomás Echeverría
Mesón Adarve
Café para ti
Hogar del Jubilado
Bar Pescaero
Bar-Restaurante La Pozá
Bar La Atalaya
El Pikoteo Tapas
La Dama
Dragon
Ta-Kumi
Plaza
La Fria
Cripan
Tiramisu
Coco café
Joanny's
Mesón Cortijo Cristóbal,29004,Calle Amalia Heredia
Patagonia & Olé
Pahuna
Casa Paco,,Plaza Miguel Ángel Lorén Méndez
Cripán
Des-Montados,29004,Calle Pacífico
Bar Casa Pepe,29640,Calle Pensamiento
La Librería
Lizarrán,,Calle Alemania
Bar Restaurante Manoli-II,,Calle Jacob
Simple Café y Copas,,Calle Butiplaya
Taberna Valentino,29630,Avenida Estrella del Mar
Grand Café Gezellig,29001,Calle Trinidad Grund
Casa de Botes
Indian Tandoori
Andino,29005,Calle Calderón de la Barca
D'Platos,29008,Calle Granada
Gogi Korean Grill
Bar El Ingenio,29788,Plaza del Ingenio
Er Tapeo,29460,Avenida Andalucía
La Casa Grande,29460,Calle Barranco
Restaurante Arxiduna,29300,Plaza Ochavada
El Hatillo,29680,Calle Manuel Navarro Mollor
La Bodega de Juani Vinoteca
El Coliseo Bocatería Hamburgesería
Venta El Cordobés
Hogar del Jubilado
Bar-Restaurante Luchi,29006,Calle Gerona
Taste of India,,Calle Hernando Carabeo
Oliva,,Plaza de España
Mum
Gloria Bendita
Almu's Coffee & Bar
Goa Town
Hermes
Churros & you
Restaurante Cortijo Los Chalanes,29010,Calle Platero Diego de Baena
Casa Aranda,29005,Calle Herrería del Rey
Tropicana,29400,Calle Virgen de los Dolores
Asador la Viña Nueva,29788,Avenida Carlos Cano
La Bernarda,29014,Calle Alcalde Nicolás Maroto
Mini Thai,,Calle Real
El Hacho
Cosmopolita
Monnalisa
Verona
Jabega
El Cenachero,29640
Poco Thai
Arrozante
Nabuco's
Sukiyaki
Papa Luigi
La Traiña
Yaya
Riffi
La Bohemia
Mesón del Mar
Casa Belén
Al Medina
Peccati di Gola,,Avenida Virgen de la Peña
Indian Reataurant
La Rueda
La Niña
Cafe Bar Paco Restaurante,29718
La Fuente,,Plaza de España
Escorpio
El Chorrillo
The Lilac Tree,,Calle Real
La Cepa
Almarina Beach,,Avenida Juan Sebastián Elcano
El Cañuelo
La Sirena,,Playa de Santa Ana
Mar y Mar
Mamma Gina
Mind,29740,Paseo Marítimo Poniente
Molly's Roadhouse,29100,Carretera Ronda-Coín
Mar D'Gloria
Bar Carrera,,Calle Carrera de Madre Carmen
Molly's Roadhouse Bar & Restaurante,29100,Carretera Ronda-Coín
Michelangelo,29793,Calle Salitre
Libo Café,29008,Calle Marqués de Valdecañas
La Taberna,29793,Paseo Maritima Ferrara Playa
Restaurante Mediterráneo,29793,Avenida América
Miyagi express
El Olivo Cafetería-Tapería,29793,Avenida América
Tequilas,29793,Avenida América
Al Alba bio-gastrobodega,29793,Calle Estepona
La Catrina Fusion Tapas
Sunset Lounge Bar and Restaurant,29793,Paseo Marítimo de Ferrara
Café-Bar El Rincón de Federico,29793,Avenida América
Café Bar Cairo,29793,Avenida Europa
Ristorante Pizzeria Il Faro,29793,Avenida del Faro
Chiringuito Pepe,29793,Paseo Maritimo
Bar Bloque 77,29793,Avenida García Peñalver
Viennas Cafe,29602,"Avenida Bulevar Príncipe Alfonso de Hohenlohe, 23 Urb. Marbella réal, local 22"
Dhanavada Indian-Mexican & Pizza,29793,Paseo Marítimo Ferrara
Restaurante Santa Ana - Denis
La Barraca,,Calle Fragata
Tony's Bar
Restaurante El Karmen
Café las Delicias
Guadalupe,29620,Calle Danza Invisible
La Rosa,29793,Avenida de Andalucía
El Desvan de Tete,29793,Avenida de Andalucía
Pitufo's Costa Taperia
Bar El Mencey,29793,Avenida Europa
Cueva del Gato
El Tajillo,29370,Calle Fuente
El Recreo
Las Millanas
Territorio Burger,29620,Avenida de Benalmádena
Taberna Mitjana,29008,Calle Calderería
Alquimia,29008,Calle Nosquera
Bar Indiana,29008,Calle Nosquera
Boc n Roll,29008,Calle Carretería
Casaamigos,29008,Calle Nosquera
Kimi Restaurant,29008,Calle Carretería
Kosei Ramen,29008,Calle Carretería
Restaurante Soca,29008,Calle Carretería
Tapio Coffee & Bubble Tea,29012,Calle Ollerías
Cofrade Entre Varales,29008,Calle Nosquera
Restaurante Chino Casa Feliz,29008,Calle Comedias
Restaurante Japonés Ramen Nogacu,29008,Calle Nosquera
Restaurant La Tagliatella,29001,Muelle Uno
Wild Café & Restaurante,29689,Calle Mare Nostrum
Mexicano el Pasito
El Paso,,Calle Francisco Cano
Pizza Alla Pala,,Calle Casablanca
Cafetería El Rincón,,Avenida Ramón y Cajal
Yatai Ramen Edupa
Miss Sushi
Byoko,29015,Calle Strachan
Gusto
Matis
Sicilia Bedda,,Calle Pacífico
Bifana Bar
Fast Vegan,29640,Avenida Condes de San Isidro
La Vegana,29012,Calle San Juan de Letrán
Chiringuito Sicsu,29016,Paseo Marítimo Ciudad de Melilla
Restaurante La Gamba Dorada
Restaurante Siddhartha on the Rock,29754,Calle del Aguacate
Casa Pasta
Churrería La Unión,29006,Calle Eduardo R. España
Mediteráneo,29004,Calle Pacífico
La Sastrería
Healthy Poké,,Calle Martínez
Serranitos ST,29651,Carretera Mijas-Fuengirola
Cafetería Don Federico
Picasso Brunch & Tapas,29012
El Muro,29008,Calle Muro de San Julián
Cafeteria Churreria La Costa
Madi Cucina,29649,Avenida Mare Nostrum
Estrella del Mar
Tejeringos
Marengo
La Catedral
Romero,,Plaza Nuestra Señora del Rosario
La flor negra,29008,Calle Santa Lucía
Los Abanicos
Antica Roma
La Bodega de Antonia
Santa Coffee Catedral,,Calle San Agustín
Nota Blu New Brasserie,,Calle de la Cruz
La Nube
Terraza Bar El Castillo,,Plaza Duquesa de Parcent
La Terraza de Valeria
Panqueque,,Avenida de las Américas
Déjà Vu Tetería,,Calle Realenga de San Luis
La Parada,29002,Calle Explanada de la Estación
Café-Bar Restaurante Enrique,29711,Calle De La Fuente
Club de Billar de Fuengirola,,Avenida Jesús Santos Reín
Lorena Café
Ginza
Tricky Ricky
La Cantina
El Manantial,29190,Calle Cénit
Terraza Nómadas,,Calle Guerrero
Naked & Sated,29005,Alameda Principal
Don Marisquito,,Avenida de las Palmeras
Miss Kroqueta
Bar Restaurante La Roca
,29793,Avenida El Peñoncillo
Bodeguita La Mar de Bueno,29005,Calle Olózaga
Urban Bistro-Bar,,Ed. Los Arqueros Beach
Niña Bonita,,Avenida del Sol
Bar Freiduría David
Méson Casa Diego
"Picasso, Pizza + Ensalada"
Bar Pedro
Sopranos
Chef Vicantan,29630,Avenida de las Palmeras
Atún Rojo
El Sacromonte Tapas
Buenagueta
Alegría
Puerto Gourmet Malagueta
Beach Plaza
Enara
Cafe Bar Vani
Restaurante Carrasco
Uno Más,29002,Calle Salitre
Café Bar Carrefour
Rocky
Churrería Bar Antonio
Bar Casa Ramón
Galaxia
El pollo de oro
Cervecería Estefanía
El santuario
La Caleta
LACARMELA
La Tribu Jazba,29740,Paseo Marítimo de Poniente
Polifonía,29013,Calle San Millán
A Esgaya
Sushisom,29004,Avenida de Velázquez
El Rincón de Alba,29004,Calle Acacias de Guadalmar
Las Niñas
Starbucks
Bar Fuengirola
El manzel de Ronda
Sibuya
El espigón de la cala
Pin Pan Pum
La Pataleta,29793,Avenida de España
Colibri Rojo,29793,Avenida del Mediterráneo
Wolfgang und Karina's Backstübel,29793,Avenida del Mediterráneo
El Marisquero,,Calle Olózaga
Bad Ass Bistro,,Calle Cuesta
Kimchi
Olive Caffe & Ristorante
Duke’s Bar,29793,Avenida García Peñalver
Bar Alfin
Casa Nacho
El Picoteo Café Bar,29793,Avenida de Andalucía
Pablos,29770
Magón,29770,Avenida del Faro
La Casita griega -Greek House,29770
Level
Alma Libre
Silks Sports Bar & Grill,29793
Cafe Kunterbunt
Bij Fleur
Zapfenstreich,29793,Avenida de España
Bar Carola Cafetería
Rincón Extremeño Café Bar,29770,Paseo Marítimo de Ferrara
Orient Express
Taberna de Pepe,29780,Calle Herrera Oria
Boat,29008,Calle Juan de Padilla
Café Bar Fortuna,29793,Paseo Marítima de Ferrara
El Tito Arenas,29793,Avenida de España
Café Bar Manolo,29793,Avenida de España
Trébol
Boca Pizza
Scarletta's
D'Vinos
Pata Negr
El Portico
Cafetería Cavana
Sergio's bar
El Rincon de Encarni
Tentaciones La Pepa,29793
Palocortado
Julia
Cistern Catorce
Smash
Café de l'Abuela
Casa Lola
Granier
La Guernica
Godoy
José Carlos Garcia
Plaza
Angus
Toro
Cambara,29016,Paseo del Muelle Uno
La Sureña
100 Montaditos
Grill Corner
Gaucho Grill
Saloniki
Gorki
Amigos
La Mafia
Marisquería Cenachero
Bendito
Leche
La Mar Sala,,Calle Pablo Iglesias
El Rinconcito,29005,Calle Calderón de la Barca
CompARTE Gastrobar,29015,Calle Moreno Monroy
Pez Lola,29015,Calle Granada
Freiduría Galicia
Recuerdos Tapas Bodega
Meeting Point Café,,Avenida de las Palmeras
Mia's,29640,Paseo Marítimo Rey de España
Maxy Beach,,Paseo Marítimo Rey de España
Bellaco
SushiPanda
Las Tablinas,29651,Avenida Miguel Hernández
El Pasillo de la Camboria,29640,Pasaje La Camboria
Los Hermanos
Vegan La Siria,29002,Calle Ancha del Carmen
Naga
,29710,Camino de Vélez
,29710,Camino de Vélez
Boracay
La Mamma May,29010,Avenida Carlos de Haya
El picinin da Legnago,29754,Avenida de Canillas
Yucas Mare,,Avenida del Sol
Restaurante Taberna Gaspar,29602,Calle Notario Luis Oliver
Café Bar Espinola Churrería
El Rincón
Casa Aranda,29005,Calle Herrería del Rey
Candamil,29002,Calle Cuarteles
Cafetería Crepería El Jardín
Se B-B
Uno Sports Bar
Dragón del Mar
Pizza Fresh & Hot
Thai & Rice
Meca Japanese
Rosamarino
Mr. India
Tejeringo's Coffee,29010,Calle Mercedes Llopart
Jane
Cipriani Marbella,29602,Av. Bulevar Príncipe Alfonso de Hohenlohe
COYA Marbella,29602,Av. Bulevar Príncipe Alfonso de Hohenlohe
Saigón Vietnam
Gamboa Cervecería Marisquería
La Rinascita
Indian Palace
Fujiumi
Café del Sol
El Barracón del las tapas
Casi Casi
Los Delantales
Restaurant El Tajo
Bar Los Niños
Hai Wang
Bora Bora
La Tanyawía
Pizzeria de Oro
Beer
Tierra y Mar
Hércules café
Café Bar Natali
Xi Lai Bao
King of Curries
El Malagueño
Manolo
La Tarara
Sushi Meshi
ByCosmos Sky Bar (Hotel El Puerto),29640,Paseo Marítimo Rey de España
La Luna
La Plaza
El Cafelito
Safari
Aroma Café - Food & Drinks,29002
Casa Paco de Coin
,29004,Calle Realenga de San Luis
El Patio Cocina Vegana,29492,Calle Asperilla
El Almacen,,Calle Virgen de los Remedios
Peaky Blunt,29670,Calle Doctor Esteban San Mateo
BBQ (Bar La Barbacoa),29400,Calle Infantes
Bar Alegria ronda,29400,Calle Infantes
Pizzería El Napiolitano
Folks Street Food,,Avenida de Marife de Triana
Mesón Sara
L’Ápero
La Cascada
Bodeguita El Coto
BilBilHouse
Boötes cafés to go!,29601,Calle Caridad
Bar Nina Drinks & Music,29793,Avenida Europa
Le Comptoir Belge,29793
Don Arroz Arrocería,29793
El Rincon de Faro,29793,Avenida del Faro
Restaurante Gianni,29002,Calle Río Rocío
Tano's,29002,Calle Río Rocío
La Favorita,29002,Paseo Antonio Machado
Pulicenella Riso & Pizza,29793
Bar La Mula,29770,Calle la Boticaria
Patata King,29793,Avenida Esperanto
Restaurante Colinas del Faro,,Colinas del Faro
MorroFino,,Paseo Marítimo
El Faro Beach Bar,29793,Avenida del Faro
Lews Traditional English Restaurant,29793,Avenida del Faro
Pizzeria Restaurante Los Pacos
La Abacería de David,,Calle Marconi
Toc Toc Noodles by Tuk Tuk,29002,Paseo Antonio Machado
La Taba,29002,Paseo Antonio Machado
Kokoro
El Pelotazo
Peña Juanito
La Sibarita
Peña Flamenca del Sur
Nueve Dragones
Peña Betis
El Albero
El Olivo de La Cala,,Calle Butiplaya
Casa Juan y Mari
Utopia
Beach Garden,29793,Paseo Marítimo de Ferrara
Pizzería El Castillo,29793,Paseo Marítimo de Ferrara
Pepe Rico II,29793,Paseo Marítimo de Ferrara
Marisquería Mani,29751,Calle Puerto Caleta
El Rincón de Cuba
Cafetería Sol y Sombra,29002,Calle Tomás Echeverría
Ronda Café,29002,Calle Tomás Echeverría
Granier,29002,Calle Tomás Echeverría
La Callejera - Tribu Tapera,29002,Calle Río Rocío
Bar la venta,,Av. de la Torre
Chill Out Bar
Restaurante Mexicano Tulum,29008,Calle Madre de Dios
Pistacho & Azafrán,29012,Calle Victoria
Restaurante Atípico San Pedro,29670,Calle Sp. Tolox
Arco Tapas Bar,29601,Calle Peral
Restaurante El Puerto
Dos Leones
La Cornisa
Dream Team
Churrería Ramón (Desde 1941),29601,Plaza de los Naranjos
Taberna la Niña del Pisto,29601,Calle de San Lazaro
Bar Casa Pruden
La Lonja,,Avenida Antonio Belón
La Barra Inka By Henry Wong,29013,Plaza María Guerrero
Alcasabar,29015,Calle Pozo del Rey
Malaespina,29012
Lo Spuntino,29004,Calle Francisco de Cossío
La Taberna de Baco,,Calle Francisco de Cossío
Bar Quini
Bar Sierra de las nieves
El Calaero,29004,Calle Francisco de Cossío
Hermanos Navarro,,Avenida de Severo Ochoa
Mr. Pizza,,Avenida de Ramón y Cajal
Odissei,29004,Calle Francisco de Cossío
Aguardiente,29620,Calle Madre del Buen Consejo
Restaurante Casa Loli
Manhattan,29017,Avenida Pintor Joaquín Sorolla
El Encuentro,29002,Calle Ayala
Freiduria Villalba
El Rebalaje
El Patio del Ángel,29008,Calle Ángel
La Pergola Restaurante Pizzería,29640,Calle Larga
La Biznaga
Jamón y Salud,,Calle San Francisco
Ta-Kumi,29012,Calle Mundo Nuevo
La Bodega del Pintor
Bulevar,,Avenida Palma de Mallorca
Venta Las Cruces
ilMuseo,29016,Avenida de Príes
Dama Café,29630,Avenida de las Palmeras
South Beach Restobar,,Avenida Antonio Machado
Blue Kiwi Mini Golf Bar,,Avenida Antonio Machado
Dolce Vita Gourmet,,Avenida Federico García Lorca
El Aguaero,29017,Avenida Pío Baroja
El Tinglao de Alhaurín
Next Level,29005,Calle Panaderos
Moby Dick,29004,Calle Pacífico
Havanna cafe,,Calle Sevilla
Los Tres Tenores,29007,Calle Compositor Lehmberg Ruiz
Cafeteria Lucky,29007,Calle Huéscar
Yoko Hama,29007,Calle Compositor Lehmberg Ruiz
Cafeteria El Parque,29007,Calle Huéscar
Cafeteria Esperanto,29007,Calle Esperanto
El Casino de Antequera
Misuto,29017,Calle Varadero
El Tinglao de Lagunillas,29012,Calle Lagunillas
CB23,29001,Calle Casas de Campos
Bar Peublo
El Cao
Coral bar
Bar Atuel,29640,Calle José Cubero Yiyo
Bar Copenhagen,,Calle Santo Domingo
Despensa Iberica,,Avenida Juan Luis Peralta
El Gallo Ronco,29005
Ohana Poke & More,29005,Calle Muro de Puerta Nueva
Weatherspains,,Avenida Antonio Machado
Bun and Coffee - Specialty Coffee & Fresh Doughnuts,29015,Calle Duque de la Victoria
Restaurante El Parador I
Peña Madridista de Torrox
Restaurante Conejito,29793,Carretera de Torrox
Cocina de Urbano,29793,Avenida de Andalucía
Luan Café,29793,Avenida El Pozuelo
Café Bar La Tapería
Café Ali
Tienda Casa Dolores
El Rancho,29793,Avenida de España
Las Tres Culturas
El granaíno
El Mesón de Mi Princesa Blanca
Pura Cepa
Mesón Casa Palma,29793,Carretera de Almería
Café Ferrara
El Carpintero,29008,Calle Beatas
La Marea,29009,Calle Alonso Cano
Il Covo
Meet Vegano,29005,Calle Marín García
Julieta Coffee,29008,Calle Santa Lucía
La Destilería,29008,Calle Beatas
Cafe Bar Jems,29793,Avenida del Faro
Bar Lovento
La Mar de Fría,29009,Avenida Arroyo de los Ángeles
Mercado Gourmet Torremolinos,,Plaza de la Independencia
La Cacerola,29620,Calle Doña María Barrabino
Vinea Restaurant,,Paseo Marítimo Rey de España
Restaurante Hot Pot
Tabule,29010,Calle José Denis Belgrano
Amura
Sakura,,Calle Babel
La Cruz de Piedra
Restaurante La Venus,29680,Avenida Duque de Ahumada
Serranitos El Teba Myramar,29640,Avenida de Santa Amalia
La Mar Bonita
Colonia Beach
Tabora Beach
Carambuco
Het Trefpunt
De Klikspaan
100 Montaditos
Il Gusto
Los Mellizos
Casa Florido
Adagio
Lounge 17
The Sunset Inn
Zero Zero
Lunch Boetiek
It's Vietnam
Small Talk
Eetcafe Kadetje Van Annetje
Vivi Da Rocco
Sensaciones,,Calle San Ginés
Toyo,29640,Calle Martínez Catena
La Sultana,29006,Calle Juan Gris
El Corte
El Corte
The Boma
Llenahi,29004,Calle Menorca
Begobé
Haagen Dazs
Vista Lago Restaurant,,Calle Tranco
El Punto de Encuentro
Mesón la Sierra,,Calle Nueva
Tejeringo's Coffee
SEVEN M. Restaurant,29688,Calle Trajano
Guma café,29692,Calle Cádiz
Cafeteria
Pizzeria Baldo
La Fragola
Desal Café,29012,Calle Ollerías
Bar Restaurante Ortega
Rincon de los Verdiales,,Calle Feria de San Isidro Labrador
Rincon Argentino
Los Candiles
Er Pichi de Cai,29010,Calle Franz Kafka
Dolce Vita Gourmet
Campo de Arroz,29004,Calle Francisco de Cossío
Bar Abril
La Chola
Limao,,Calle Casablanca
Marisquería Liñán,29009,Calle Trinidad
Kookento Café
KBANA,29620,Avenida del Lido
Majave,,Avenida Salvador Allende
Pizzeria Roma,,Avenida Salvador Allende
Ohana Poké
Primo Tivo
Gastrobar Gallarvi
Domino's,,Avenida Salvador Allende
Neremar
El Odeon
Casa de la Pasta
Semilla Negra,,Avenida Juan Sebastián Elcano
Mulita,29005
La Bella Lola
Mamma Mia
Starbucks
Tasty Poke
Small Cafe
Chopp
Casa Carmen
De Nederlandse Ster,,Avenida de Playamar
Cafetería Panda
La Galga,29016,Calle Pintor Casilari Roldán
Blooming Real Food Cafe,29620,Calle de los Perros
Antonio Pucci Pizza,,Calle Marbella
Annarè,29004,Calle Pacífico
Restaurante La Sierra
Restaurante Volcánico,,Avenida José Ortega y Gasset
Le Ciel Marbella,29660,Plaza Antonio Banderas
Esterón,,Calle San Pancracio
Faro Food
Taberna Doña María,29649,Calle Mijas del Faro
Restaurante El Patio del Faro
La Mar de Fría,29004,Calle Pacífico
las palmeras Beach Club
Taberna Varo,29008,Calle Andrés Pérez
Buddha House
La Guareña,29590,Calle Israel
Heaven Irish Bar
Drinks & Co
Océano,29590,Calle Jacob
Bar La Viña
Imperial Lounge Marbella,29604
Sky and Sea Rooftop,29620,Paseo Marítimo
Bar el pilar - Caminito del rey
Mala Mia
Tabu
Rocking Beatas
La Marmita,29640,Pasaje Pedroza
Blackberry café
Pizzeria Bella 'Mbriana Marbella,29601,Calle Misericordia
Café Cortes,29601,Calle Peral
FOMO Bar,29008,Calle Carretería
La Parroquia del Tapeo,29004,Avenida Isaac Peral
Starbucks
BLOCK HOUSE
Pasta Factory
Verona
La Consentida Marbella,29601,Avenida Ricardo Soriano
Lorena cafe,29631,Avenida de la Constitución
El colibrí,29601,Avenida Arias de Velasco
Freiduría marisquería Tikys Mikys
París café
La Taberna de Marbesa
Siopa,29680,Calle Real
La tropical,29620,Calle Salgareño
La Oficina,29200,Calle Infante don Fernando
La Mafia
La Habana Lounge,29660,Conjunto Benabola
Da Vinci Los Boliches,29640,Avenida de Los Boliches
Mesón Salvador
Churrería Alcalá
Tejeringo´s Coffee
Restaurante Casa Manuela,29780,Calle Antonio Jiménez
Malaka,29012,Calle Compás de la Victoria
Casa Rubi Restaurante
El Polaco,29640
Finolis,,Calle Pacífico
Ziklo,,Camino Colmenar
La Cabaña,,Camino Colmenar
Bamvú,,Camino Colmenar
El Buco,,Camino Colmenar
Bar La Bola,29400,Carrera Espinel
La Tetería
Bar Casa Pedro,29410,Camino del Sao
El Bar de Chema,29013,Calle Santa María Micaela
Dozlop Burger Lab,29601,Calle de Juan Ruiz Muñoz
A mi Manera
Selección Los Pastores,29008,Avenida de la Rosaleda
Mesón Galego Antoxo
Casa Pepa
El Pasaje
Momentos
Restaurante EME de Mariano RS,29015,Calle Císter
Syra Coffee,29008,Calle Mártires
The Carribbean Bar
Alhama,29013,Calle Manrique
De Gustar,29013,Calle Cristo de la Epidemia
Café Lagunillas,29012
El Caserio de las Monjas
Victoria Bar,29013,Calle Zenete
Jardín de Nani,29013,Calle Lozano de Torres
Bella Vista Pizzorante,29140,Camino Club de Tenis
Playa Malaya
Taberna La Malagueña
Avalon
Maninpasta,29130,Calle El Ciprés
Anyway Wine Bar
Los Marangos Molina Lario
XiaoLongKan,29004,Avenida de Velázquez
San Chocolate,29640,Calle Juan Breva
San Chocolate,,Calle San Pancracio
Perro Viejo,29008,Calle Mártires
El Pampano,,Avenida de Nerja
Le Grand Café,29620,Camino del Pinillo
Mamma Mía
Hacienda Alakran
Franco Manca
Amocafre,29640,Calle Chanquete
Pulpería Freiduría El Choco,29640,Calle Francisco Cano
Mañana Cocktail Bar,29012,Calle San Juan de Letrán
,29680,Calle Graham Bell
Restaurante Peña,29680,Avenida José Martín Méndez
La Tía Juana,29005,Plaza Enrique García-Herrera
Old Swiss House,29640,Calle Marina Nacional
Chiang Thai Bar & Restaurant,,Calle Martínez Catena
Tres Amigos,,Calle Martínez Catena
Cantonese,29649,Calle Torrox
Buen Café,,Plaza Olletas
El Ojopatio,29010,Avenida Plutarco
Wok Directo
The Club,,Calle San Juan
Paraiso de Nerja Playa
Dixies,,Calle Juan Ramón Jiménez
Casa Beirut
Taybo,,Calle Victoria
Sabor a Napolés,,Calle Victoria
Restaurante La Experiencia,29620,Avenida Joan Miró
La Bodega de Áran,,Calle Jonás
Qbo,,Calle Periodista Juanito Cortés
Lucy Tejeringo's,,Calle Periodista Juanito Cortés
Cervecería de licia
L
Da Nonna Peppa
Grill & Pizza
Waikiki
Lynch's
Up D' Hill
Granier
Gusto d'Italia
Prosvita,,Calle Manuel Mena
Granier
Romina & Pedro
Don Capuchino
La Launterna
Bar Restaurante Juan Carlos 1
4 Cuartos,29620,Calle Casablanca
Roberto's Grill & Sports Bar
Lo Spritz One
Jamaica Lounge Café Bar
King,,Calle Altozano
Café Salitre
Pizzeria la Sorrentina
HOTEL FAY restaurante
BANANA BEACH BAR
La Perla
Terra Mia,29004,Calle Pacífico
Bare Nostrum
Tapa Asiatica,29640,Avenida Nuestro Padre Jesús Cautivo
Ditaly,,Avenida Plutarco
Atalaya House,29688,Avenida La Union
Coco Bambú,29620,Paseo Marítimo
Taberna Casa Pino
Mini India
Chinese Restaurante
La Siesta
Café-Bar Central
Limoncello Italo Bar,29640,Calle Larga
Unicorn,29640,Calle San Pancracio
Albi Urban Cafe
Nuevo Entresierras,29611,Avenida Juan Carlos I
La Rumba,29620,Paseo Marítimo
Bodega El Socorro,29400,Calle Molino
La Tasquita de Vitto,29601,Avenida del Mercado
Mesón Alejandra,29640,Calle Francisco Cano
Kirei by Kabuki
BiBo Flamenco Bar & Tapas Dani García
Posada de Almogía,29150,Avenida Juan Carlos I Rey de España
Kraken Centro,29005
Keyzen Soho,,Calle Casas de Campos
Luna
Soluna Sushi,,Paseo Marítimo Rey de España
Hogar del Jubilado
La Taberna del Siglo,29015,Calle Granada
Bar Tere
BohemiOh,29640,Calle Doctor Fleming
Cafeteria Churreria Naranja,29400,Calle Médico Luis Peralta
Block House
Mediterraneo
El Lagar
Chambao
La Brisa
La Esperanza
Pizzería Nenina Rosaleda,29011,Calle Monserrat Roig
Milos Shisha Lounge,29010,Calle Poeta Aurora de Albornoz
La Boveda del flamenco,29650,Plaza de la Constitución
Esquina Sánchez,29015,Calle Sánchez Pastor
Pastabasta,29640,Calle Victoria
La Canasta
La Fuente
Fiesta
Venta Los Condes
De la Mota
Maldonado 21
Granier,,Plaza del Remo
The Cosy Corner,,Plaza del Remo
Money Beach,,Plaza del Remo
La Tahona De La Carihuela,,Calle del Bulto
The Launch,,Calle de Carmen
Cafe Bolle Jantje,,Calle de Carmen
Naranjito,,Calle San Ginés
Secretos Ibericos,,Calle San Ginés
Le Chique,,Calle San Ginés
Gabriella,,Calle San Ginés
Ciao,,Calle Casablanca
Padam
Hawaii
Playasol,,Paseo Marítimo
Tiki,,Paseo Marítimo
Pizza & Pasta,,Paseo Marítimo
Bar Juan,,Calle Olías
La Tasquita de en Medio,29008,Calle Calderería
Taberna Mi Manuela
Cafe Nomad
Cafe y Panadaria Santiago
Ranea III
Morning People - Specialty Coffee,29602,Calle Virgen del Pilar
Magpie nest Vintage cafe
Chingu,,Calle Héroe de Sostoa
Hi Joopo Malatang
Curry-Ya!,,Calle Álamos
La Pachamama,,Calle Olózaga
Restaurante Bella Mbriana Marbella,29601,Calle Misericordia
KafeNova,29680,Segovia
La Casita Mexicana,,Bulevar de La Cala
El Rincón de la Muralla
Benalnatura Beach Bar
El Fogón de Victor,,Calle Leopoldo Lugones
Mama's Eat Drink & Chill,29604,Calle Rosmary
KAVA Fernando Alcalá Restaurante en Marbella,29602,Avenida Antonio Belón
Olé,29602,Calle Victor de la Serna
Entre Limones,29602,Avenida Duque de Ahumada
El Reloj
Andino Gastrobar,29002,Calle Tomás Echeverría
La Tierra,,Calle de la Cuesta del Tajo
Casona Los Marangós
Sabor con Encanto
Café-Bar coenvi.II
Mamma Leone
Moma Beach Club
Simple & Good
Ana's Bar
Bar Jerez
La Esquina de Giorge
Pez Wanda
Bar Freiduria Armando,29640,Paseo Marítimo Rey de España
Las Chinas
Pizzeria DaVinci,,Calle Santa Cecilia
Trocadero
Sakura
The Wessex Bar,29640,Paseo Marítimo Rey de España
Lola's,,Calle José Calderón
Terraza del Sabor,,Calle Jacób
La Caprichosa,,Calle Jacob
Telepizza
Taberna El Rondón,,Calle Jacob
Engorilao,,Calle Jacob
Mia Cafe
Taberna Ronda,29400,Plaza de la Merced
Venta La Taracea,29315
Mi Cortijo
Raza Gaucha
La Bodeguita de en Medio
Pane & Cioccolato
Los Amigos
Maï Sushi
Pasticcio
Dajidali
d'Alicia
Koh Thai Marbella
MisterNoodles.com
Kebab Los Rosales
Tapería Las Campanas (sin gluten)
C & C
El Lagar de Verum
Terra Mia
PX
Don Quijote
Churrería Amaro
Cafetería La Paloma
Panos
La Olvidada
Pub El Chirro
Churrería Rosa
Oca
Restaurante AP-7
Restaurante AP-7
Marisqueria El Niño,29180,C/ Real
Meson La Era,29180,C/ San Jacinto
Marisquería El Cateto,29014,Calle Pedro de Lobo
Gavilan del Mar
Sala Duende. Ricks cafe
Ohana
Utopía Ramen Málaga,29008,Calle Puerta de Buenaventura
Tiki Bar,,Paseo Marítimo Rey de España
La Nube
Icara
La Morada
El Farolito,29008,Calle Beatas
El Conventillo
Melaza
La Grappa
Casa Giovanni
El Brillante
Guateque 2.0
Bruschini's
Gran Tapa
Sakais
La Esquinita
El Envero
Folklore Contemporáneo
Padthaiwok
Sushi Bros
Kache cafe
Aguanta
Matilda
Azafrán,,Paseo del Genil
Amore,,Calle Pacífico
Durán Durán
Ciccio
Mayorales
VI-DA
Sun Point
Venta Los Almendros,,Carretera de Ronda a San Pedro de Alcántara
La Recoleta,29017,Avenida Salvador Allende
Noodles Pacifico,29004,Calle Pacífico
La Taberna Fantastica
Amigos
Alby's Restaurante Italiano ( La Nogalera ),29620,Calle de la Nogaleria
Campisi's
Angus
Chetolle
Taberna CasaBlanca
Standard Coffee and Vynils Club
Salsa Menta Café,29001,Calle Casas de Campos
Cafélobato,,Calle Travesía de Maqueda
Yolimar,,Calle Ronda del Norte
Yummy Brunch
La Manon
La Sal y el Son,29015,Calle Echegaray
La Sal y el Son,29002,Paseo Antonio Machado
Marisquería Moya,29006,Calle Horacio Lengo
Taró,29002,Calle Tomás Echeverría
Riviera Maya,,Paseo Marítimo Rey de España
Bar El Reencuentro,29550
Chanchalay
Starbucks
BLOCK HOUSE
Taquería Itacate
Ryugin,,Calle Pacífico
Casanis Bistrot Marbella,29601,Calle Ancha
Mediterráneo,29002,Avenida Sor Teresa Prat
El Bosque,29010,Avenida Carlos de Haya
Pizza Time,29604,Plaza de Santa Mónica
La Barra de Doña Inés,,Alameda Principal
Don Tulio,,Alameda Principal
Hamburguesería Dallas,29004,Camino del Pato
Behr Guijuelo
Taberna Plaza Vieja,29640,Calle España
La Cayetana
The Snug
Bar El Puerto
Café de Buurman
Radikal
Costumbres Criollas
Magpie
Roco Bistró
Tapas Carmen
CoffeeArt
Bodeguilla El Tejo
123 Bubble Tea,29004,Calle Hermanos Lumiere
El Pikoteo!
Bombon Boss,,Alameda de Colón
Match-Inn Sports Bar,29640,Calle Donisia Redondo
Gastro Vinum,,Calle Palangreros
Cafetería bar La Pinta,29640,Calle José Cubero Yiyo
Cortes Garden Marbella
Império Grill,29001,Avenida Manuel Agustín Heredia
Pavarotti
Heladería/Cafetería La Artesana
Dry Martini,29640,Calle Emancipación
Local,29640
Paña Patio El Cordobes
3 Monkeys Bar & Lounge,,Calle Danza Invisible
La Dispensa Familiar
Foster's Hollywood
Vips
100 Montaditos
All Rice
Sushi Artist
Pause & Play
Next Level,29005,Calle San Juan
Los Ruedos Pizzas
Restaurante Paneque
Cafetería Paneque
El Cielo Tapas & Cava
Bambola,29640,Plaza Reyes Católicos
Chaplins,,Paseo Marítimo Rey de España
Chiringuito Mauri
Café Teatro by Ocean Drive,29640,Paseo Marítimo del Rey de España
Bistro Michel,29640,Calle Orquidea
Safran
Terraza la Merced,29012,Calle Madre de Dios
BienFrito,29640,Avenida los Pacos
Restaurante La Ventilla,29014
Kamura Sushi,29640,Avenida de Los Boliches
Starbucks
Eat Italy
Mare Sushi
Taco Tikka,29640,Paseo Marítimo Rey de España
Café Bar Monteblanco,,Calle Carretería
Cafe Siglo XX,29631,Avenida de la Obsidiana
Ayres
Granier
Nina's Bar,29640,Calle Ollerías
Antonio Marín Cervecería Vinoteca,,Calle Blas Infante
Magnus Grill,,Calle Blas Infante
Restaurante El Árbol,,Avenida de la Constitución
50 Peroles,29631,Calle Roberto Olid
Er Tapeo desde 1987,,Calle San Telmo
Alcochinos,,Avenida de las Palmeras
La Malcriada,,Calle Luis Vives
Bomba Llena,29631,Avenida de la Constitución
La Embajada Gourmet,,Avenida Federico García Lorca
La Dispensa del Mar,,Calle San Antonio
Peña el Tipo,,Calle Parra
Santos Barriles,,Avenida Federico García Lorca
Bocai Sabor a Cai,,Avenida de las Palmeras
Café del Hielo,,Calle Ciudad de Melilla
Vinoteca Casa Cuenca
Blankko
La Esquinita de Julia,,Calle Lanzarote
Pizzamore,29012,Calle Álamos
Pizzamore,29012,Calle Álamos
Andares
Buddha Beach Torremolinos,,Calle de las Mercedes
La Casa de Sherlock Holmes
Bears
Baloo Bar
La Esquina
La Pepa
Havbana
Limao
Boudha Bar
Armario Bodega
El Toro Azul
Atmosfera
Tinnthai
Playa Ocho
Ray's Drinks and Karaoke
Exxxtreme
Conexxxtion
casa del sol olli
Kogan Restaurante
Rack & Reel
Admiral
Bangkok Bar
Waikeri
Garu
Cervezería Twister,,Calle Molina de Manoja
Ela's Tapas & Salads,,Calle Madre del Buen Consejo
Stras
La Patrona
Casero
El Sur
"Namaste Indian Restaurant, Pizza & Kebab",,Calle Frigiliana
La cuadra
Dulces del califa
MK
Luciano
Las Tablas
Flores
Coccolona,,Calle Lamo de Espinosa
Shifu Ramen Bar,,Avenida Ramón y Cajal
Pepe's Bar,,Calle Lamo de Espinosa
Bar Belga,,Calle Lamo de Espinosa
Afterwork,,Calle Lamo de Espinosa
Boris Grill & Bakery
KK'S Bar & Restaurant
Rockys bar
Dame chocolate
,29620,Plaza de Andalucía
La Mar Chica,29639,Calle Marbella
Wakimi
La Bella Julieta,,Calle Trinidad Grund
Sentir,,Calle Trinidad Grund
Riu Hotel - Maria Sardina,29620,Paseo Marítimo
Riu Hotel - La Dolce Vita,29620,Paseo Marítimo
Riu Hotel - Ajo Blanco,29620,Paseo Marítimo
Cocina del Sol,29649,Calle Mérida de Jarales
Bing!,29640,Paseo Marítimo Rey de España
Flowers
Goiko
Dulce Canela
La Niña Adela,29400,Avenida Ricardo Navarrete
La Niña Adela,29400,Avenida Ricardo Navarrete
Casa Lourdes,,Avenida Ricardo Navarrete
El Nacimiento
Selvática,29620,Calle Belice
Caos,,Calle Gómez Pallete
Romancero
Da Checcho y Paola,,Avenida de las Palmeras
Gastrogaucho Malbec Wine Club,,Avenida de las Palmeras
Nusa Cocktail Bar
La Barraca de la Abuela,,Calle Algatocín
Pancho Villa
Hanoi
Neda restaurant,29680,Calle Cipreses
Cafeteria Churreria Dana,29400,Calle Espinillos
Asimétrico
El Morata
Andrés Maricuchi
Frida Pahlo
Molabassa
Los Marangós
Ciao Pedregalejo
Cocodrilo Dundee
Sapino
Los Espigones
La terraza del Ferro
Periplo
El Carajillo
Las Palmeras
Hermanos Muñoz
Bar Cafetería La Esperanza
La Caravana,,Calle José Denis Belgrano
Duna
Arrozeando,29017,Avenida Juan Sebastián Elcano
Asador Casa Guille
Bar Adeli
La Toscana
Ristorante Da Tonino
Granier
City Wok
Mola Coffee
Thaiger Thai
Toyo,29640,Calle Martínez Catena
La Scala
Foster's Hollywood
Casa Carmen
Vips
La Tagliatella
Vinoteca PX
Peña Flamenca Los Amigos del Arte,,Calle Los Romeros
Boze Ramen,,Calle Almería
El Rincón de Cynthia
Thai Kitchen Marbella,29602,Calle Virgen del Pilar
Malacca Pacific
El Piropo
Base9,,Calle Salitre
Los Brocales
Barrow Pub.  Benamara - Estepona.,29688,Avenida Benamara
La Casita 33,29004,Calle La Unión Mercantil
La Mafia Se Sienta a la Mesa
Bar Pueblosol
Barbacoa La Canada,29620,Calle Cañada de los Cardos
El Cerrillo,,Calle Juan Bautista Barba
Cervecería Untertürkheim Malaga,,Paseo Marítimo Ciudad de Melilla
D'Pallone
Lima 12,,Calle Marbella
O Melhor Croissant da Minha Rua
Restaurante Criado,29740,Calle Custodio Puga
Marisquería El Radar,29740,Paseo Marítimo Poniente
La Massería,29740,Paseo Marítimo Poniente
Pizzeria Italiana da Paolo,,Calle Cádiz
Old Town Restaurant & Bar,29788,Calle San Sebastián
Buga Ramen,,Avenida Ramón y Cajal
Mister Noodles
Xu Hao II
Taberne El Mirador
Pub El Kalero,,Calle Santa Cecilia
Restaurante Xiao Yu Cun,,Calle Mendívil
Cheeechos Taquería Mexicana,29640,Calle Lope de Vega
ByCosmos Sky Bar (Hotel Costa Málaga),29620,Avenida Isabel Manoja
Ditaly
Udon
Lupe Tapas & Beers,,Calle Alcazabilla
Reviv
La Despensa del Aceite Fuengirola,29640,Calle San Antonio
Freddo’s
La Chiringa
El Pollo de Oro Asador,,Camino de Coín
Café del Sol,,Calle Coronel Ripollet
Lolita Taberna Andaluza,,Calle Granada
Murasushi,,Calle Luis de Velázquez
Restaurante Esquina Padilla,,Calle Beatas
Buenavista,,Calle Gaona
La Tortuga Oooh my Greek
Berries Specialty Coffee
La Canasta
Casa Caro
Big Boss Smash Burger,,Avenida Nuestro Padre Jesús Cautivo
Pizzeria Pueblo,29640,Calle Castillo
The Old London Sports Bar,29640,Calle Castillo
Telepizza
Helsinki
Venta Umami
Coliseum,29210,Calle Campillos
Aljibe
La Reina Latina,,Calle Cristo de la Epidemia
Casa Los Manueles,29640,Avenida de Mijas
Little Castle,29640,P.º Marítimo Rey de España
Pizzeria Carpe Diem,29651,Calle San Cristóbal
el hoyo
Mondragon
Mizuki Sushi Bar & Cocktail,,Avenida Palma de Mallorca
Not Just Chicken
Café-Bar Central
Fonda Casa La Mariana
The Bro's
Salon de té
Al Patio
La Plaza
Volapié
Mesón el Torillo,29640,Avenida Ramón y Cajal
Buna Fuengirola,29640,Calle Maestra Ángeles Azpiazu
Spiga,29649,Calle Jaramar del Chaparral
Steakhouse La Tablita
La Pecera
Te-Piko,29005
El Espigal
Zhiro
Kalifato,,Playa de Carvajal
La Bella Vita